[2025-04-23 01:15:44.827] Application IHEC Library démarrée
[2025-04-23 01:17:41.966] Application IHEC Library démarrée
[2025-04-23 01:19:46.441] Application IHEC Library démarrée
[2025-04-23 01:26:15.587] Application IHEC Library démarrée
[2025-04-23 01:26:38.037] Application IHEC Library démarrée
[2025-04-23 01:29:21.736] Application IHEC Library démarrée
[2025-04-23 01:33:42.884] Application IHEC Library démarrée
[2025-04-23 01:34:15.520] Application IHEC Library démarrée
[2025-04-23 01:35:04.892] Application IHEC Library démarrée
[2025-04-23 01:36:20.993] Application IHEC Library démarrée
[2025-04-23 01:38:42.496] Application IHEC Library démarrée
[2025-04-23 01:41:55.264] Application IHEC Library démarrée
[2025-04-23 13:57:19.485] Application IHEC Library démarrée
[2025-04-23 15:46:12.700] Application IHEC Library démarrée
[2025-04-23 15:46:40.593] Application IHEC Library démarrée
[2025-04-23 15:59:08.982] Application IHEC Library démarrée
[2025-04-23 15:59:40.787] Application IHEC Library démarrée
[2025-04-23 16:00:10.870] Application IHEC Library démarrée
[2025-04-23 16:00:58.229] Application IHEC Library démarrée
[2025-04-23 16:03:16.031] Application IHEC Library démarrée
[2025-04-23 17:25:56.368] Application IHEC Library démarrée
[2025-04-23 22:15:59.187] Application IHEC Library démarrée
[2025-04-24 11:17:32.014] Application IHEC Library démarrée
[2025-04-24 11:17:36.862] Creating MainWindow
[2025-04-24 11:17:38.050] Setting up navigation service
[2025-04-24 11:17:38.096] Application started successfully
[2025-04-24 11:17:38.216] ViewLocator: Looking for view IHECLibrary.Views.LoginView for ViewModel IHECLibrary.ViewModels.LoginViewModel
[2025-04-24 11:17:38.218] ViewLocator: Creating instance of IHECLibrary.Views.LoginView
[2025-04-24 11:17:38.265] ViewLocator: TargetInvocationException occurred: Exception has been thrown by the target of an invocation.
[2025-04-24 11:17:38.265] ViewLocator: Inner exception: The resource /Assets/student_books.png could not be found.
[2025-04-24 11:17:38.301] ViewLocator: Inner exception stack trace:    at Avalonia.Platform.StandardAssetLoader.OpenAndGetAssembly(Uri uri, Uri baseUri)
   at Avalonia.Platform.StandardAssetLoader.Open(Uri uri, Uri baseUri)
   at Avalonia.Markup.Xaml.Converters.BitmapTypeConverter.ConvertFrom(ITypeDescriptorContext context, CultureInfo culture, Object value)
   at IHECLibrary.Views.LoginView.!XamlIlPopulate(IServiceProvider , LoginView ) in C:\Users\GIGABYTE\Desktop\ihec_library-\ihec_library-\src\IHECLibrary\Views/LoginView.axaml:line 21
   at IHECLibrary.Views.LoginView.!XamlIlPopulateTrampoline(LoginView ) in C:\Users\GIGABYTE\Desktop\ihec_library-\ihec_library-\src\IHECLibrary\Views/LoginView.axaml:line 0
   at IHECLibrary.Views.LoginView.InitializeComponent() in C:\Users\GIGABYTE\Desktop\ihec_library-\ihec_library-\src\IHECLibrary\Views\LoginView.axaml.cs:line 15
   at IHECLibrary.Views.LoginView..ctor() in C:\Users\GIGABYTE\Desktop\ihec_library-\ihec_library-\src\IHECLibrary\Views\LoginView.axaml.cs:line 10
   at System.RuntimeType.CreateInstanceDefaultCtor(Boolean publicOnly, Boolean wrapExceptions)
[2025-04-24 11:17:38.303] EXCEPTION dans Erreur lors de la création de la vue: IHECLibrary.Views.LoginView: Error in view initialization: The resource /Assets/student_books.png could not be found.
   at IHECLibrary.ViewLocator.Build(Object param) in C:\Users\GIGABYTE\Desktop\ihec_library-\ihec_library-\src\IHECLibrary\ViewLocator.cs:line 58
Inner Exception: The resource /Assets/student_books.png could not be found.
   at Avalonia.Platform.StandardAssetLoader.OpenAndGetAssembly(Uri uri, Uri baseUri)
   at Avalonia.Platform.StandardAssetLoader.Open(Uri uri, Uri baseUri)
   at Avalonia.Markup.Xaml.Converters.BitmapTypeConverter.ConvertFrom(ITypeDescriptorContext context, CultureInfo culture, Object value)
   at IHECLibrary.Views.LoginView.!XamlIlPopulate(IServiceProvider , LoginView ) in C:\Users\GIGABYTE\Desktop\ihec_library-\ihec_library-\src\IHECLibrary\Views/LoginView.axaml:line 21
   at IHECLibrary.Views.LoginView.!XamlIlPopulateTrampoline(LoginView ) in C:\Users\GIGABYTE\Desktop\ihec_library-\ihec_library-\src\IHECLibrary\Views/LoginView.axaml:line 0
   at IHECLibrary.Views.LoginView.InitializeComponent() in C:\Users\GIGABYTE\Desktop\ihec_library-\ihec_library-\src\IHECLibrary\Views\LoginView.axaml.cs:line 15
   at IHECLibrary.Views.LoginView..ctor() in C:\Users\GIGABYTE\Desktop\ihec_library-\ihec_library-\src\IHECLibrary\Views\LoginView.axaml.cs:line 10
   at System.RuntimeType.CreateInstanceDefaultCtor(Boolean publicOnly, Boolean wrapExceptions)
[2025-04-24 11:17:38.304] Inner Exception in view IHECLibrary.Views.LoginView: The resource /Assets/student_books.png could not be found.
[2025-04-24 11:49:56.548] Application IHEC Library démarrée
[2025-04-24 11:49:57.228] Creating MainWindow
[2025-04-24 11:49:57.499] Setting up navigation service
[2025-04-24 11:49:57.550] Application started successfully
[2025-04-24 11:49:57.694] ViewLocator: Looking for view IHECLibrary.Views.LoginView for ViewModel IHECLibrary.ViewModels.LoginViewModel
[2025-04-24 11:49:57.696] ViewLocator: Creating instance of IHECLibrary.Views.LoginView
[2025-04-24 11:50:22.340] ViewLocator: Looking for view IHECLibrary.Views.RegisterView for ViewModel IHECLibrary.ViewModels.RegisterViewModel
[2025-04-24 11:50:22.342] ViewLocator: Creating instance of IHECLibrary.Views.RegisterView
[2025-04-24 11:50:22.365] ViewLocator: TargetInvocationException occurred: Exception has been thrown by the target of an invocation.
[2025-04-24 11:50:22.365] ViewLocator: Inner exception: The resource /Assets/student_with_books.png could not be found.
[2025-04-24 11:50:22.449] ViewLocator: Inner exception stack trace:    at Avalonia.Platform.StandardAssetLoader.OpenAndGetAssembly(Uri uri, Uri baseUri)
   at Avalonia.Platform.StandardAssetLoader.Open(Uri uri, Uri baseUri)
   at Avalonia.Markup.Xaml.Converters.BitmapTypeConverter.ConvertFrom(ITypeDescriptorContext context, CultureInfo culture, Object value)
   at IHECLibrary.Views.RegisterView.!XamlIlPopulate(IServiceProvider , RegisterView ) in c:\Users\GIGABYTE\Desktop\ihec_library-\ihec_library-\src\IHECLibrary\Views/RegisterView.axaml:line 22
   at IHECLibrary.Views.RegisterView.!XamlIlPopulateTrampoline(RegisterView ) in c:\Users\GIGABYTE\Desktop\ihec_library-\ihec_library-\src\IHECLibrary\Views/RegisterView.axaml:line 0
   at IHECLibrary.Views.RegisterView.InitializeComponent() in c:\Users\GIGABYTE\Desktop\ihec_library-\ihec_library-\src\IHECLibrary\Views\RegisterView.axaml.cs:line 15
   at IHECLibrary.Views.RegisterView..ctor() in c:\Users\GIGABYTE\Desktop\ihec_library-\ihec_library-\src\IHECLibrary\Views\RegisterView.axaml.cs:line 10
   at System.RuntimeType.CreateInstanceDefaultCtor(Boolean publicOnly, Boolean wrapExceptions)
[2025-04-24 11:50:22.452] EXCEPTION dans Erreur lors de la création de la vue: IHECLibrary.Views.RegisterView: Error in view initialization: The resource /Assets/student_with_books.png could not be found.
   at IHECLibrary.ViewLocator.Build(Object param) in c:\Users\GIGABYTE\Desktop\ihec_library-\ihec_library-\src\IHECLibrary\ViewLocator.cs:line 58
Inner Exception: The resource /Assets/student_with_books.png could not be found.
   at Avalonia.Platform.StandardAssetLoader.OpenAndGetAssembly(Uri uri, Uri baseUri)
   at Avalonia.Platform.StandardAssetLoader.Open(Uri uri, Uri baseUri)
   at Avalonia.Markup.Xaml.Converters.BitmapTypeConverter.ConvertFrom(ITypeDescriptorContext context, CultureInfo culture, Object value)
   at IHECLibrary.Views.RegisterView.!XamlIlPopulate(IServiceProvider , RegisterView ) in c:\Users\GIGABYTE\Desktop\ihec_library-\ihec_library-\src\IHECLibrary\Views/RegisterView.axaml:line 22
   at IHECLibrary.Views.RegisterView.!XamlIlPopulateTrampoline(RegisterView ) in c:\Users\GIGABYTE\Desktop\ihec_library-\ihec_library-\src\IHECLibrary\Views/RegisterView.axaml:line 0
   at IHECLibrary.Views.RegisterView.InitializeComponent() in c:\Users\GIGABYTE\Desktop\ihec_library-\ihec_library-\src\IHECLibrary\Views\RegisterView.axaml.cs:line 15
   at IHECLibrary.Views.RegisterView..ctor() in c:\Users\GIGABYTE\Desktop\ihec_library-\ihec_library-\src\IHECLibrary\Views\RegisterView.axaml.cs:line 10
   at System.RuntimeType.CreateInstanceDefaultCtor(Boolean publicOnly, Boolean wrapExceptions)
[2025-04-24 11:50:22.453] Inner Exception in view IHECLibrary.Views.RegisterView: The resource /Assets/student_with_books.png could not be found.
[2025-04-24 12:25:19.963] Application IHEC Library démarrée
[2025-04-24 12:25:20.616] Creating MainWindow
[2025-04-24 12:25:20.891] Setting up navigation service
[2025-04-24 12:25:20.934] Application started successfully
[2025-04-24 12:25:21.068] ViewLocator: Looking for view IHECLibrary.Views.LoginView for ViewModel IHECLibrary.ViewModels.LoginViewModel
[2025-04-24 12:25:21.092] ViewLocator: Creating instance of IHECLibrary.Views.LoginView
[2025-04-24 12:25:33.329] ViewLocator: Looking for view IHECLibrary.Views.AdminLoginView for ViewModel IHECLibrary.ViewModels.AdminLoginViewModel
[2025-04-24 12:25:33.330] ViewLocator: Creating instance of IHECLibrary.Views.AdminLoginView
[2025-04-24 12:26:03.293] ViewLocator: Looking for view IHECLibrary.Views.LoginView for ViewModel IHECLibrary.ViewModels.LoginViewModel
[2025-04-24 12:26:03.294] ViewLocator: Creating instance of IHECLibrary.Views.LoginView
[2025-04-24 12:26:11.953] ViewLocator: Looking for view IHECLibrary.Views.RegisterView for ViewModel IHECLibrary.ViewModels.RegisterViewModel
[2025-04-24 12:26:11.954] ViewLocator: Creating instance of IHECLibrary.Views.RegisterView
[2025-04-24 12:26:11.969] ViewLocator: TargetInvocationException occurred: Exception has been thrown by the target of an invocation.
[2025-04-24 12:26:11.970] ViewLocator: Inner exception: The resource /Assets/student_with_books.png could not be found.
[2025-04-24 12:26:12.003] ViewLocator: Inner exception stack trace:    at Avalonia.Platform.StandardAssetLoader.OpenAndGetAssembly(Uri uri, Uri baseUri)
   at Avalonia.Platform.StandardAssetLoader.Open(Uri uri, Uri baseUri)
   at Avalonia.Markup.Xaml.Converters.BitmapTypeConverter.ConvertFrom(ITypeDescriptorContext context, CultureInfo culture, Object value)
   at IHECLibrary.Views.RegisterView.!XamlIlPopulate(IServiceProvider , RegisterView ) in c:\Users\GIGABYTE\Desktop\ihec_library-\ihec_library-\src\IHECLibrary\Views/RegisterView.axaml:line 22
   at IHECLibrary.Views.RegisterView.!XamlIlPopulateTrampoline(RegisterView ) in c:\Users\GIGABYTE\Desktop\ihec_library-\ihec_library-\src\IHECLibrary\Views/RegisterView.axaml:line 0
   at IHECLibrary.Views.RegisterView.InitializeComponent() in c:\Users\GIGABYTE\Desktop\ihec_library-\ihec_library-\src\IHECLibrary\Views\RegisterView.axaml.cs:line 15
   at IHECLibrary.Views.RegisterView..ctor() in c:\Users\GIGABYTE\Desktop\ihec_library-\ihec_library-\src\IHECLibrary\Views\RegisterView.axaml.cs:line 10
   at System.RuntimeType.CreateInstanceDefaultCtor(Boolean publicOnly, Boolean wrapExceptions)
[2025-04-24 12:26:12.004] EXCEPTION dans Erreur lors de la création de la vue: IHECLibrary.Views.RegisterView: Error in view initialization: The resource /Assets/student_with_books.png could not be found.
   at IHECLibrary.ViewLocator.Build(Object param) in c:\Users\GIGABYTE\Desktop\ihec_library-\ihec_library-\src\IHECLibrary\ViewLocator.cs:line 58
Inner Exception: The resource /Assets/student_with_books.png could not be found.
   at Avalonia.Platform.StandardAssetLoader.OpenAndGetAssembly(Uri uri, Uri baseUri)
   at Avalonia.Platform.StandardAssetLoader.Open(Uri uri, Uri baseUri)
   at Avalonia.Markup.Xaml.Converters.BitmapTypeConverter.ConvertFrom(ITypeDescriptorContext context, CultureInfo culture, Object value)
   at IHECLibrary.Views.RegisterView.!XamlIlPopulate(IServiceProvider , RegisterView ) in c:\Users\GIGABYTE\Desktop\ihec_library-\ihec_library-\src\IHECLibrary\Views/RegisterView.axaml:line 22
   at IHECLibrary.Views.RegisterView.!XamlIlPopulateTrampoline(RegisterView ) in c:\Users\GIGABYTE\Desktop\ihec_library-\ihec_library-\src\IHECLibrary\Views/RegisterView.axaml:line 0
   at IHECLibrary.Views.RegisterView.InitializeComponent() in c:\Users\GIGABYTE\Desktop\ihec_library-\ihec_library-\src\IHECLibrary\Views\RegisterView.axaml.cs:line 15
   at IHECLibrary.Views.RegisterView..ctor() in c:\Users\GIGABYTE\Desktop\ihec_library-\ihec_library-\src\IHECLibrary\Views\RegisterView.axaml.cs:line 10
   at System.RuntimeType.CreateInstanceDefaultCtor(Boolean publicOnly, Boolean wrapExceptions)
[2025-04-24 12:26:12.005] Inner Exception in view IHECLibrary.Views.RegisterView: The resource /Assets/student_with_books.png could not be found.
[2025-04-24 12:32:30.571] Application IHEC Library démarrée
[2025-04-24 12:32:31.235] Creating MainWindow
[2025-04-24 12:32:31.477] Setting up navigation service
[2025-04-24 12:32:31.523] Application started successfully
[2025-04-24 12:32:31.658] ViewLocator: Looking for view IHECLibrary.Views.LoginView for ViewModel IHECLibrary.ViewModels.LoginViewModel
[2025-04-24 12:32:31.659] ViewLocator: Creating instance of IHECLibrary.Views.LoginView
[2025-04-24 12:32:34.119] ViewLocator: Looking for view IHECLibrary.Views.RegisterView for ViewModel IHECLibrary.ViewModels.RegisterViewModel
[2025-04-24 12:32:34.120] ViewLocator: Creating instance of IHECLibrary.Views.RegisterView
[2025-04-24 12:41:35.741] Application IHEC Library démarrée
[2025-04-24 12:41:36.320] Creating MainWindow
[2025-04-24 12:41:36.586] Setting up navigation service
[2025-04-24 12:41:36.641] Application started successfully
[2025-04-24 12:41:36.824] ViewLocator: Looking for view IHECLibrary.Views.LoginView for ViewModel IHECLibrary.ViewModels.LoginViewModel
[2025-04-24 12:41:36.825] ViewLocator: Creating instance of IHECLibrary.Views.LoginView
[2025-04-24 12:41:40.993] ViewLocator: Looking for view IHECLibrary.Views.RegisterView for ViewModel IHECLibrary.ViewModels.RegisterViewModel
[2025-04-24 12:41:40.995] ViewLocator: Creating instance of IHECLibrary.Views.RegisterView
[2025-04-24 13:00:14.636] ViewLocator: Looking for view IHECLibrary.Views.LoginView for ViewModel IHECLibrary.ViewModels.LoginViewModel
[2025-04-24 13:00:14.637] ViewLocator: Creating instance of IHECLibrary.Views.LoginView
[2025-04-24 15:48:15.363] Application IHEC Library démarrée
[2025-04-24 15:48:20.640] Creating MainWindow
[2025-04-24 15:48:21.938] Setting up navigation service
[2025-04-24 15:48:21.993] Application started successfully
[2025-04-24 15:48:22.134] ViewLocator: Looking for view IHECLibrary.Views.LoginView for ViewModel IHECLibrary.ViewModels.LoginViewModel
[2025-04-24 15:48:22.135] ViewLocator: Creating instance of IHECLibrary.Views.LoginView
[2025-04-24 15:54:26.916] Application IHEC Library démarrée
[2025-04-24 15:54:27.530] Creating MainWindow
[2025-04-24 15:54:27.792] Setting up navigation service
[2025-04-24 15:54:27.849] Application started successfully
[2025-04-24 15:54:27.983] ViewLocator: Looking for view IHECLibrary.Views.LoginView for ViewModel IHECLibrary.ViewModels.LoginViewModel
[2025-04-24 15:54:27.984] ViewLocator: Creating instance of IHECLibrary.Views.LoginView
[2025-04-24 16:07:45.999] Application IHEC Library démarrée
[2025-04-24 16:07:46.499] Creating MainWindow
[2025-04-24 16:07:46.684] Setting up navigation service
[2025-04-24 16:07:46.720] Application started successfully
[2025-04-24 16:07:46.824] ViewLocator: Looking for view IHECLibrary.Views.LoginView for ViewModel IHECLibrary.ViewModels.LoginViewModel
[2025-04-24 16:07:46.825] ViewLocator: Creating instance of IHECLibrary.Views.LoginView
[2025-04-24 16:08:18.583] ViewLocator: Looking for view IHECLibrary.Views.RegisterView for ViewModel IHECLibrary.ViewModels.RegisterViewModel
[2025-04-24 16:08:18.584] ViewLocator: Creating instance of IHECLibrary.Views.RegisterView
[2025-04-24 16:09:04.136] ViewLocator: Looking for view IHECLibrary.Views.LoginView for ViewModel IHECLibrary.ViewModels.LoginViewModel
[2025-04-24 16:09:04.137] ViewLocator: Creating instance of IHECLibrary.Views.LoginView
[2025-04-24 16:09:22.174] ViewLocator: Looking for view IHECLibrary.Views.HomeView for ViewModel IHECLibrary.ViewModels.HomeViewModel
[2025-04-24 16:09:22.176] ViewLocator: Creating instance of IHECLibrary.Views.HomeView
[2025-04-24 16:11:19.365] ViewLocator: Looking for view IHECLibrary.Views.LibraryView for ViewModel IHECLibrary.ViewModels.LibraryViewModel
[2025-04-24 16:11:19.366] ViewLocator: Creating instance of IHECLibrary.Views.LibraryView
[2025-04-24 16:11:23.538] ViewLocator: Looking for view IHECLibrary.Views.ChatbotView for ViewModel IHECLibrary.ViewModels.ChatbotViewModel
[2025-04-24 16:11:23.539] ViewLocator: Creating instance of IHECLibrary.Views.ChatbotView
[2025-04-24 16:11:23.548] ViewLocator: TargetInvocationException occurred: Exception has been thrown by the target of an invocation.
[2025-04-24 16:11:23.549] ViewLocator: Inner exception: The resource /Assets/send_icon.png could not be found.
[2025-04-24 16:11:23.580] ViewLocator: Inner exception stack trace:    at Avalonia.Platform.StandardAssetLoader.OpenAndGetAssembly(Uri uri, Uri baseUri)
   at Avalonia.Platform.StandardAssetLoader.Open(Uri uri, Uri baseUri)
   at Avalonia.Markup.Xaml.Converters.BitmapTypeConverter.ConvertFrom(ITypeDescriptorContext context, CultureInfo culture, Object value)
   at IHECLibrary.Views.ChatbotView.!XamlIlPopulate(IServiceProvider , ChatbotView ) in c:\Users\GIGABYTE\Desktop\ihec_library-\ihec_library-\src\IHECLibrary\Views/ChatbotView.axaml:line 149
   at IHECLibrary.Views.ChatbotView.!XamlIlPopulateTrampoline(ChatbotView ) in c:\Users\GIGABYTE\Desktop\ihec_library-\ihec_library-\src\IHECLibrary\Views/ChatbotView.axaml:line 0
   at IHECLibrary.Views.ChatbotView.InitializeComponent() in c:\Users\GIGABYTE\Desktop\ihec_library-\ihec_library-\src\IHECLibrary\Views\ChatbotView.axaml.cs:line 15
   at IHECLibrary.Views.ChatbotView..ctor() in c:\Users\GIGABYTE\Desktop\ihec_library-\ihec_library-\src\IHECLibrary\Views\ChatbotView.axaml.cs:line 10
   at System.RuntimeType.CreateInstanceDefaultCtor(Boolean publicOnly, Boolean wrapExceptions)
[2025-04-24 16:11:23.582] EXCEPTION dans Erreur lors de la création de la vue: IHECLibrary.Views.ChatbotView: Error in view initialization: The resource /Assets/send_icon.png could not be found.
   at IHECLibrary.ViewLocator.Build(Object param) in c:\Users\GIGABYTE\Desktop\ihec_library-\ihec_library-\src\IHECLibrary\ViewLocator.cs:line 58
Inner Exception: The resource /Assets/send_icon.png could not be found.
   at Avalonia.Platform.StandardAssetLoader.OpenAndGetAssembly(Uri uri, Uri baseUri)
   at Avalonia.Platform.StandardAssetLoader.Open(Uri uri, Uri baseUri)
   at Avalonia.Markup.Xaml.Converters.BitmapTypeConverter.ConvertFrom(ITypeDescriptorContext context, CultureInfo culture, Object value)
   at IHECLibrary.Views.ChatbotView.!XamlIlPopulate(IServiceProvider , ChatbotView ) in c:\Users\GIGABYTE\Desktop\ihec_library-\ihec_library-\src\IHECLibrary\Views/ChatbotView.axaml:line 149
   at IHECLibrary.Views.ChatbotView.!XamlIlPopulateTrampoline(ChatbotView ) in c:\Users\GIGABYTE\Desktop\ihec_library-\ihec_library-\src\IHECLibrary\Views/ChatbotView.axaml:line 0
   at IHECLibrary.Views.ChatbotView.InitializeComponent() in c:\Users\GIGABYTE\Desktop\ihec_library-\ihec_library-\src\IHECLibrary\Views\ChatbotView.axaml.cs:line 15
   at IHECLibrary.Views.ChatbotView..ctor() in c:\Users\GIGABYTE\Desktop\ihec_library-\ihec_library-\src\IHECLibrary\Views\ChatbotView.axaml.cs:line 10
   at System.RuntimeType.CreateInstanceDefaultCtor(Boolean publicOnly, Boolean wrapExceptions)
[2025-04-24 16:11:23.582] Inner Exception in view IHECLibrary.Views.ChatbotView: The resource /Assets/send_icon.png could not be found.
[2025-04-24 16:11:56.857] Application IHEC Library démarrée
[2025-04-24 16:11:57.399] Creating MainWindow
[2025-04-24 16:11:57.588] Setting up navigation service
[2025-04-24 16:11:57.620] Application started successfully
[2025-04-24 16:11:57.713] ViewLocator: Looking for view IHECLibrary.Views.LoginView for ViewModel IHECLibrary.ViewModels.LoginViewModel
[2025-04-24 16:11:57.714] ViewLocator: Creating instance of IHECLibrary.Views.LoginView
[2025-04-24 16:13:29.020] ViewLocator: Looking for view IHECLibrary.Views.HomeView for ViewModel IHECLibrary.ViewModels.HomeViewModel
[2025-04-24 16:13:29.021] ViewLocator: Creating instance of IHECLibrary.Views.HomeView
[2025-04-24 16:13:44.220] ViewLocator: Looking for view IHECLibrary.Views.ProfileView for ViewModel IHECLibrary.ViewModels.ProfileViewModel
[2025-04-24 16:13:44.222] ViewLocator: Creating instance of IHECLibrary.Views.ProfileView
[2025-04-24 16:13:44.240] ViewLocator: TargetInvocationException occurred: Exception has been thrown by the target of an invocation.
[2025-04-24 16:13:44.241] ViewLocator: Inner exception: The resource /Assets/bronze_badge.png could not be found.
[2025-04-24 16:13:44.272] ViewLocator: Inner exception stack trace:    at Avalonia.Platform.StandardAssetLoader.OpenAndGetAssembly(Uri uri, Uri baseUri)
   at Avalonia.Platform.StandardAssetLoader.Open(Uri uri, Uri baseUri)
   at Avalonia.Markup.Xaml.Converters.BitmapTypeConverter.ConvertFrom(ITypeDescriptorContext context, CultureInfo culture, Object value)
   at IHECLibrary.Views.ProfileView.!XamlIlPopulate(IServiceProvider , ProfileView ) in c:\Users\GIGABYTE\Desktop\ihec_library-\ihec_library-\src\IHECLibrary\Views/ProfileView.axaml:line 108
   at IHECLibrary.Views.ProfileView.!XamlIlPopulateTrampoline(ProfileView ) in c:\Users\GIGABYTE\Desktop\ihec_library-\ihec_library-\src\IHECLibrary\Views/ProfileView.axaml:line 0
   at IHECLibrary.Views.ProfileView.InitializeComponent() in c:\Users\GIGABYTE\Desktop\ihec_library-\ihec_library-\src\IHECLibrary\Views\ProfileView.axaml.cs:line 15
   at IHECLibrary.Views.ProfileView..ctor() in c:\Users\GIGABYTE\Desktop\ihec_library-\ihec_library-\src\IHECLibrary\Views\ProfileView.axaml.cs:line 10
   at System.RuntimeType.CreateInstanceDefaultCtor(Boolean publicOnly, Boolean wrapExceptions)
[2025-04-24 16:13:44.275] EXCEPTION dans Erreur lors de la création de la vue: IHECLibrary.Views.ProfileView: Error in view initialization: The resource /Assets/bronze_badge.png could not be found.
   at IHECLibrary.ViewLocator.Build(Object param) in c:\Users\GIGABYTE\Desktop\ihec_library-\ihec_library-\src\IHECLibrary\ViewLocator.cs:line 58
Inner Exception: The resource /Assets/bronze_badge.png could not be found.
   at Avalonia.Platform.StandardAssetLoader.OpenAndGetAssembly(Uri uri, Uri baseUri)
   at Avalonia.Platform.StandardAssetLoader.Open(Uri uri, Uri baseUri)
   at Avalonia.Markup.Xaml.Converters.BitmapTypeConverter.ConvertFrom(ITypeDescriptorContext context, CultureInfo culture, Object value)
   at IHECLibrary.Views.ProfileView.!XamlIlPopulate(IServiceProvider , ProfileView ) in c:\Users\GIGABYTE\Desktop\ihec_library-\ihec_library-\src\IHECLibrary\Views/ProfileView.axaml:line 108
   at IHECLibrary.Views.ProfileView.!XamlIlPopulateTrampoline(ProfileView ) in c:\Users\GIGABYTE\Desktop\ihec_library-\ihec_library-\src\IHECLibrary\Views/ProfileView.axaml:line 0
   at IHECLibrary.Views.ProfileView.InitializeComponent() in c:\Users\GIGABYTE\Desktop\ihec_library-\ihec_library-\src\IHECLibrary\Views\ProfileView.axaml.cs:line 15
   at IHECLibrary.Views.ProfileView..ctor() in c:\Users\GIGABYTE\Desktop\ihec_library-\ihec_library-\src\IHECLibrary\Views\ProfileView.axaml.cs:line 10
   at System.RuntimeType.CreateInstanceDefaultCtor(Boolean publicOnly, Boolean wrapExceptions)
[2025-04-24 16:13:44.277] Inner Exception in view IHECLibrary.Views.ProfileView: The resource /Assets/bronze_badge.png could not be found.
[2025-04-24 16:14:02.176] Application IHEC Library démarrée
[2025-04-24 16:14:02.695] Creating MainWindow
[2025-04-24 16:14:02.876] Setting up navigation service
[2025-04-24 16:14:02.909] Application started successfully
[2025-04-24 16:14:03.001] ViewLocator: Looking for view IHECLibrary.Views.LoginView for ViewModel IHECLibrary.ViewModels.LoginViewModel
[2025-04-24 16:14:03.002] ViewLocator: Creating instance of IHECLibrary.Views.LoginView
[2025-04-24 16:14:36.161] ViewLocator: Looking for view IHECLibrary.Views.HomeView for ViewModel IHECLibrary.ViewModels.HomeViewModel
[2025-04-24 16:14:36.162] ViewLocator: Creating instance of IHECLibrary.Views.HomeView
[2025-04-24 16:14:42.741] ViewLocator: Looking for view IHECLibrary.Views.LibraryView for ViewModel IHECLibrary.ViewModels.LibraryViewModel
[2025-04-24 16:14:42.742] ViewLocator: Creating instance of IHECLibrary.Views.LibraryView
[2025-04-24 16:16:12.927] ViewLocator: Looking for view IHECLibrary.Views.HomeView for ViewModel IHECLibrary.ViewModels.HomeViewModel
[2025-04-24 16:16:12.928] ViewLocator: Creating instance of IHECLibrary.Views.HomeView
[2025-04-24 16:18:36.569] ViewLocator: Looking for view IHECLibrary.Views.LibraryView for ViewModel IHECLibrary.ViewModels.LibraryViewModel
[2025-04-24 16:18:36.570] ViewLocator: Creating instance of IHECLibrary.Views.LibraryView
[2025-04-24 16:18:39.416] ViewLocator: Looking for view IHECLibrary.Views.HomeView for ViewModel IHECLibrary.ViewModels.HomeViewModel
[2025-04-24 16:18:39.417] ViewLocator: Creating instance of IHECLibrary.Views.HomeView
[2025-04-24 16:18:41.104] ViewLocator: Looking for view IHECLibrary.Views.LibraryView for ViewModel IHECLibrary.ViewModels.LibraryViewModel
[2025-04-24 16:18:41.105] ViewLocator: Creating instance of IHECLibrary.Views.LibraryView
[2025-04-24 16:18:42.243] ViewLocator: Looking for view IHECLibrary.Views.HomeView for ViewModel IHECLibrary.ViewModels.HomeViewModel
[2025-04-24 16:18:42.244] ViewLocator: Creating instance of IHECLibrary.Views.HomeView
[2025-04-24 16:21:42.609] ViewLocator: Looking for view IHECLibrary.Views.ProfileView for ViewModel IHECLibrary.ViewModels.ProfileViewModel
[2025-04-24 16:21:42.610] ViewLocator: Creating instance of IHECLibrary.Views.ProfileView
[2025-04-24 16:21:42.625] ViewLocator: TargetInvocationException occurred: Exception has been thrown by the target of an invocation.
[2025-04-24 16:21:42.626] ViewLocator: Inner exception: The resource /Assets/bronze_badge.png could not be found.
[2025-04-24 16:21:42.651] ViewLocator: Inner exception stack trace:    at Avalonia.Platform.StandardAssetLoader.OpenAndGetAssembly(Uri uri, Uri baseUri)
   at Avalonia.Platform.StandardAssetLoader.Open(Uri uri, Uri baseUri)
   at Avalonia.Markup.Xaml.Converters.BitmapTypeConverter.ConvertFrom(ITypeDescriptorContext context, CultureInfo culture, Object value)
   at IHECLibrary.Views.ProfileView.!XamlIlPopulate(IServiceProvider , ProfileView ) in c:\Users\GIGABYTE\Desktop\ihec_library-\ihec_library-\src\IHECLibrary\Views/ProfileView.axaml:line 108
   at IHECLibrary.Views.ProfileView.!XamlIlPopulateTrampoline(ProfileView ) in c:\Users\GIGABYTE\Desktop\ihec_library-\ihec_library-\src\IHECLibrary\Views/ProfileView.axaml:line 0
   at IHECLibrary.Views.ProfileView.InitializeComponent() in c:\Users\GIGABYTE\Desktop\ihec_library-\ihec_library-\src\IHECLibrary\Views\ProfileView.axaml.cs:line 15
   at IHECLibrary.Views.ProfileView..ctor() in c:\Users\GIGABYTE\Desktop\ihec_library-\ihec_library-\src\IHECLibrary\Views\ProfileView.axaml.cs:line 10
   at System.RuntimeType.CreateInstanceDefaultCtor(Boolean publicOnly, Boolean wrapExceptions)
[2025-04-24 16:21:42.652] EXCEPTION dans Erreur lors de la création de la vue: IHECLibrary.Views.ProfileView: Error in view initialization: The resource /Assets/bronze_badge.png could not be found.
   at IHECLibrary.ViewLocator.Build(Object param) in c:\Users\GIGABYTE\Desktop\ihec_library-\ihec_library-\src\IHECLibrary\ViewLocator.cs:line 58
Inner Exception: The resource /Assets/bronze_badge.png could not be found.
   at Avalonia.Platform.StandardAssetLoader.OpenAndGetAssembly(Uri uri, Uri baseUri)
   at Avalonia.Platform.StandardAssetLoader.Open(Uri uri, Uri baseUri)
   at Avalonia.Markup.Xaml.Converters.BitmapTypeConverter.ConvertFrom(ITypeDescriptorContext context, CultureInfo culture, Object value)
   at IHECLibrary.Views.ProfileView.!XamlIlPopulate(IServiceProvider , ProfileView ) in c:\Users\GIGABYTE\Desktop\ihec_library-\ihec_library-\src\IHECLibrary\Views/ProfileView.axaml:line 108
   at IHECLibrary.Views.ProfileView.!XamlIlPopulateTrampoline(ProfileView ) in c:\Users\GIGABYTE\Desktop\ihec_library-\ihec_library-\src\IHECLibrary\Views/ProfileView.axaml:line 0
   at IHECLibrary.Views.ProfileView.InitializeComponent() in c:\Users\GIGABYTE\Desktop\ihec_library-\ihec_library-\src\IHECLibrary\Views\ProfileView.axaml.cs:line 15
   at IHECLibrary.Views.ProfileView..ctor() in c:\Users\GIGABYTE\Desktop\ihec_library-\ihec_library-\src\IHECLibrary\Views\ProfileView.axaml.cs:line 10
   at System.RuntimeType.CreateInstanceDefaultCtor(Boolean publicOnly, Boolean wrapExceptions)
[2025-04-24 16:21:42.653] Inner Exception in view IHECLibrary.Views.ProfileView: The resource /Assets/bronze_badge.png could not be found.
[2025-04-24 16:33:19.814] Application IHEC Library démarrée
[2025-04-24 16:33:20.387] Creating MainWindow
[2025-04-24 16:33:20.574] Setting up navigation service
[2025-04-24 16:33:20.607] Application started successfully
[2025-04-24 16:33:20.712] ViewLocator: Looking for view IHECLibrary.Views.LoginView for ViewModel IHECLibrary.ViewModels.LoginViewModel
[2025-04-24 16:33:20.713] ViewLocator: Creating instance of IHECLibrary.Views.LoginView
[2025-04-24 16:33:45.620] ViewLocator: Looking for view IHECLibrary.Views.HomeView for ViewModel IHECLibrary.ViewModels.HomeViewModel
[2025-04-24 16:33:45.621] ViewLocator: Creating instance of IHECLibrary.Views.HomeView
[2025-04-24 16:33:50.755] ViewLocator: Looking for view IHECLibrary.Views.LibraryView for ViewModel IHECLibrary.ViewModels.LibraryViewModel
[2025-04-24 16:33:50.757] ViewLocator: Creating instance of IHECLibrary.Views.LibraryView
[2025-04-24 16:33:57.049] ViewLocator: Looking for view IHECLibrary.Views.ChatbotView for ViewModel IHECLibrary.ViewModels.ChatbotViewModel
[2025-04-24 16:33:57.050] ViewLocator: Creating instance of IHECLibrary.Views.ChatbotView
[2025-04-24 16:33:57.059] ViewLocator: TargetInvocationException occurred: Exception has been thrown by the target of an invocation.
[2025-04-24 16:33:57.060] ViewLocator: Inner exception: The resource /Assets/send_icon.png could not be found.
[2025-04-24 16:33:57.104] ViewLocator: Inner exception stack trace:    at Avalonia.Platform.StandardAssetLoader.OpenAndGetAssembly(Uri uri, Uri baseUri)
   at Avalonia.Platform.StandardAssetLoader.Open(Uri uri, Uri baseUri)
   at Avalonia.Markup.Xaml.Converters.BitmapTypeConverter.ConvertFrom(ITypeDescriptorContext context, CultureInfo culture, Object value)
   at IHECLibrary.Views.ChatbotView.!XamlIlPopulate(IServiceProvider , ChatbotView ) in c:\Users\GIGABYTE\Desktop\ihec_library-\ihec_library-\src\IHECLibrary\Views/ChatbotView.axaml:line 149
   at IHECLibrary.Views.ChatbotView.!XamlIlPopulateTrampoline(ChatbotView ) in c:\Users\GIGABYTE\Desktop\ihec_library-\ihec_library-\src\IHECLibrary\Views/ChatbotView.axaml:line 0
   at IHECLibrary.Views.ChatbotView.InitializeComponent() in c:\Users\GIGABYTE\Desktop\ihec_library-\ihec_library-\src\IHECLibrary\Views\ChatbotView.axaml.cs:line 15
   at IHECLibrary.Views.ChatbotView..ctor() in c:\Users\GIGABYTE\Desktop\ihec_library-\ihec_library-\src\IHECLibrary\Views\ChatbotView.axaml.cs:line 10
   at System.RuntimeType.CreateInstanceDefaultCtor(Boolean publicOnly, Boolean wrapExceptions)
[2025-04-24 16:33:57.105] EXCEPTION dans Erreur lors de la création de la vue: IHECLibrary.Views.ChatbotView: Error in view initialization: The resource /Assets/send_icon.png could not be found.
   at IHECLibrary.ViewLocator.Build(Object param) in c:\Users\GIGABYTE\Desktop\ihec_library-\ihec_library-\src\IHECLibrary\ViewLocator.cs:line 58
Inner Exception: The resource /Assets/send_icon.png could not be found.
   at Avalonia.Platform.StandardAssetLoader.OpenAndGetAssembly(Uri uri, Uri baseUri)
   at Avalonia.Platform.StandardAssetLoader.Open(Uri uri, Uri baseUri)
   at Avalonia.Markup.Xaml.Converters.BitmapTypeConverter.ConvertFrom(ITypeDescriptorContext context, CultureInfo culture, Object value)
   at IHECLibrary.Views.ChatbotView.!XamlIlPopulate(IServiceProvider , ChatbotView ) in c:\Users\GIGABYTE\Desktop\ihec_library-\ihec_library-\src\IHECLibrary\Views/ChatbotView.axaml:line 149
   at IHECLibrary.Views.ChatbotView.!XamlIlPopulateTrampoline(ChatbotView ) in c:\Users\GIGABYTE\Desktop\ihec_library-\ihec_library-\src\IHECLibrary\Views/ChatbotView.axaml:line 0
   at IHECLibrary.Views.ChatbotView.InitializeComponent() in c:\Users\GIGABYTE\Desktop\ihec_library-\ihec_library-\src\IHECLibrary\Views\ChatbotView.axaml.cs:line 15
   at IHECLibrary.Views.ChatbotView..ctor() in c:\Users\GIGABYTE\Desktop\ihec_library-\ihec_library-\src\IHECLibrary\Views\ChatbotView.axaml.cs:line 10
   at System.RuntimeType.CreateInstanceDefaultCtor(Boolean publicOnly, Boolean wrapExceptions)
[2025-04-24 16:33:57.106] Inner Exception in view IHECLibrary.Views.ChatbotView: The resource /Assets/send_icon.png could not be found.
[2025-04-24 16:34:15.618] Application IHEC Library démarrée
[2025-04-24 16:34:16.164] Creating MainWindow
[2025-04-24 16:34:16.446] Setting up navigation service
[2025-04-24 16:34:16.515] Application started successfully
[2025-04-24 16:34:16.640] ViewLocator: Looking for view IHECLibrary.Views.LoginView for ViewModel IHECLibrary.ViewModels.LoginViewModel
[2025-04-24 16:34:16.641] ViewLocator: Creating instance of IHECLibrary.Views.LoginView
[2025-04-24 16:34:30.705] ViewLocator: Looking for view IHECLibrary.Views.HomeView for ViewModel IHECLibrary.ViewModels.HomeViewModel
[2025-04-24 16:34:30.706] ViewLocator: Creating instance of IHECLibrary.Views.HomeView
[2025-04-24 16:34:33.129] ViewLocator: Looking for view IHECLibrary.Views.ProfileView for ViewModel IHECLibrary.ViewModels.ProfileViewModel
[2025-04-24 16:34:33.130] ViewLocator: Creating instance of IHECLibrary.Views.ProfileView
[2025-04-24 16:37:47.282] ViewLocator: Looking for view IHECLibrary.Views.HomeView for ViewModel IHECLibrary.ViewModels.HomeViewModel
[2025-04-24 16:37:47.283] ViewLocator: Creating instance of IHECLibrary.Views.HomeView
[2025-04-24 16:53:06.157] ViewLocator: Looking for view IHECLibrary.Views.ProfileView for ViewModel IHECLibrary.ViewModels.ProfileViewModel
[2025-04-24 16:53:06.158] ViewLocator: Creating instance of IHECLibrary.Views.ProfileView
[2025-04-24 17:17:30.689] Application IHEC Library démarrée
[2025-04-24 17:17:36.320] Creating MainWindow
[2025-04-24 17:17:37.772] Setting up navigation service
[2025-04-24 17:17:37.840] Application started successfully
[2025-04-24 17:17:38.086] ViewLocator: Looking for view IHECLibrary.Views.LoginView for ViewModel IHECLibrary.ViewModels.LoginViewModel
[2025-04-24 17:17:38.087] ViewLocator: Creating instance of IHECLibrary.Views.LoginView
[2025-04-24 17:18:05.416] ViewLocator: Looking for view IHECLibrary.Views.HomeView for ViewModel IHECLibrary.ViewModels.HomeViewModel
[2025-04-24 17:18:05.418] ViewLocator: Creating instance of IHECLibrary.Views.HomeView
[2025-04-24 17:18:14.938] ViewLocator: Looking for view IHECLibrary.Views.LibraryView for ViewModel IHECLibrary.ViewModels.LibraryViewModel
[2025-04-24 17:18:14.940] ViewLocator: Creating instance of IHECLibrary.Views.LibraryView
[2025-04-24 17:40:13.483] ViewLocator: Looking for view IHECLibrary.Views.HomeView for ViewModel IHECLibrary.ViewModels.HomeViewModel
[2025-04-24 17:40:13.484] ViewLocator: Creating instance of IHECLibrary.Views.HomeView
[2025-04-24 17:43:49.652] Application IHEC Library démarrée
[2025-04-24 17:43:50.199] Creating MainWindow
[2025-04-24 17:43:50.419] Setting up navigation service
[2025-04-24 17:43:50.460] Application started successfully
[2025-04-24 17:43:50.582] ViewLocator: Looking for view IHECLibrary.Views.LoginView for ViewModel IHECLibrary.ViewModels.LoginViewModel
[2025-04-24 17:43:50.583] ViewLocator: Creating instance of IHECLibrary.Views.LoginView
[2025-04-24 17:44:38.704] ViewLocator: Looking for view IHECLibrary.Views.HomeView for ViewModel IHECLibrary.ViewModels.HomeViewModel
[2025-04-24 17:44:38.705] ViewLocator: Creating instance of IHECLibrary.Views.HomeView
[2025-04-24 17:44:50.288] ViewLocator: Looking for view IHECLibrary.Views.LibraryView for ViewModel IHECLibrary.ViewModels.LibraryViewModel
[2025-04-24 17:44:50.290] ViewLocator: Creating instance of IHECLibrary.Views.LibraryView
[2025-04-24 17:44:59.171] ViewLocator: Looking for view IHECLibrary.Views.HomeView for ViewModel IHECLibrary.ViewModels.HomeViewModel
[2025-04-24 17:44:59.172] ViewLocator: Creating instance of IHECLibrary.Views.HomeView
[2025-04-24 17:45:05.177] ViewLocator: Looking for view IHECLibrary.Views.LibraryView for ViewModel IHECLibrary.ViewModels.LibraryViewModel
[2025-04-24 17:45:05.178] ViewLocator: Creating instance of IHECLibrary.Views.LibraryView
[2025-04-24 17:45:19.960] ViewLocator: Looking for view IHECLibrary.Views.HomeView for ViewModel IHECLibrary.ViewModels.HomeViewModel
[2025-04-24 17:45:19.961] ViewLocator: Creating instance of IHECLibrary.Views.HomeView
[2025-04-24 17:45:33.939] ViewLocator: Looking for view IHECLibrary.Views.LibraryView for ViewModel IHECLibrary.ViewModels.LibraryViewModel
[2025-04-24 17:45:33.940] ViewLocator: Creating instance of IHECLibrary.Views.LibraryView
[2025-04-24 17:45:35.016] ViewLocator: Looking for view IHECLibrary.Views.ProfileView for ViewModel IHECLibrary.ViewModels.ProfileViewModel
[2025-04-24 17:45:35.017] ViewLocator: Creating instance of IHECLibrary.Views.ProfileView
[2025-04-24 17:45:44.096] ViewLocator: Looking for view IHECLibrary.Views.HomeView for ViewModel IHECLibrary.ViewModels.HomeViewModel
[2025-04-24 17:45:44.097] ViewLocator: Creating instance of IHECLibrary.Views.HomeView
[2025-04-24 17:45:48.691] ViewLocator: Looking for view IHECLibrary.Views.LibraryView for ViewModel IHECLibrary.ViewModels.LibraryViewModel
[2025-04-24 17:45:48.692] ViewLocator: Creating instance of IHECLibrary.Views.LibraryView
[2025-04-24 18:00:43.315] Application IHEC Library démarrée
[2025-04-24 18:00:43.800] Creating MainWindow
[2025-04-24 18:00:44.009] Setting up navigation service
[2025-04-24 18:00:44.043] Application started successfully
[2025-04-24 18:00:44.163] ViewLocator: Looking for view IHECLibrary.Views.LoginView for ViewModel IHECLibrary.ViewModels.LoginViewModel
[2025-04-24 18:00:44.164] ViewLocator: Creating instance of IHECLibrary.Views.LoginView
[2025-04-24 18:02:05.436] ViewLocator: Looking for view IHECLibrary.Views.RegisterView for ViewModel IHECLibrary.ViewModels.RegisterViewModel
[2025-04-24 18:02:05.437] ViewLocator: Creating instance of IHECLibrary.Views.RegisterView
[2025-04-24 18:02:11.930] ViewLocator: Looking for view IHECLibrary.Views.LoginView for ViewModel IHECLibrary.ViewModels.LoginViewModel
[2025-04-24 18:02:11.931] ViewLocator: Creating instance of IHECLibrary.Views.LoginView
[2025-04-24 18:02:58.285] ViewLocator: Looking for view IHECLibrary.Views.HomeView for ViewModel IHECLibrary.ViewModels.HomeViewModel
[2025-04-24 18:02:58.287] ViewLocator: Creating instance of IHECLibrary.Views.HomeView
[2025-04-24 18:03:02.684] ViewLocator: Looking for view IHECLibrary.Views.LibraryView for ViewModel IHECLibrary.ViewModels.LibraryViewModel
[2025-04-24 18:03:02.685] ViewLocator: Creating instance of IHECLibrary.Views.LibraryView
[2025-04-24 18:04:00.078] ViewLocator: Looking for view IHECLibrary.Views.ProfileView for ViewModel IHECLibrary.ViewModels.ProfileViewModel
[2025-04-24 18:04:00.079] ViewLocator: Creating instance of IHECLibrary.Views.ProfileView
[2025-04-24 18:04:39.388] Application IHEC Library démarrée
[2025-04-24 18:04:39.921] Creating MainWindow
[2025-04-24 18:04:40.181] Setting up navigation service
[2025-04-24 18:04:40.215] Application started successfully
[2025-04-24 18:04:40.325] ViewLocator: Looking for view IHECLibrary.Views.LoginView for ViewModel IHECLibrary.ViewModels.LoginViewModel
[2025-04-24 18:04:40.325] ViewLocator: Creating instance of IHECLibrary.Views.LoginView
[2025-04-24 18:04:45.271] ViewLocator: Looking for view IHECLibrary.Views.AdminLoginView for ViewModel IHECLibrary.ViewModels.AdminLoginViewModel
[2025-04-24 18:04:45.272] ViewLocator: Creating instance of IHECLibrary.Views.AdminLoginView
[2025-04-24 18:05:12.901] ViewLocator: Looking for view IHECLibrary.Views.LoginView for ViewModel IHECLibrary.ViewModels.LoginViewModel
[2025-04-24 18:05:12.902] ViewLocator: Creating instance of IHECLibrary.Views.LoginView
[2025-04-24 18:05:44.623] ViewLocator: Looking for view IHECLibrary.Views.HomeView for ViewModel IHECLibrary.ViewModels.HomeViewModel
[2025-04-24 18:05:44.624] ViewLocator: Creating instance of IHECLibrary.Views.HomeView
[2025-04-24 18:05:53.355] ViewLocator: Looking for view IHECLibrary.Views.ProfileView for ViewModel IHECLibrary.ViewModels.ProfileViewModel
[2025-04-24 18:05:53.356] ViewLocator: Creating instance of IHECLibrary.Views.ProfileView
[2025-04-24 18:05:54.555] ViewLocator: Looking for view IHECLibrary.Views.LibraryView for ViewModel IHECLibrary.ViewModels.LibraryViewModel
[2025-04-24 18:05:54.557] ViewLocator: Creating instance of IHECLibrary.Views.LibraryView
[2025-04-24 18:05:55.976] ViewLocator: Looking for view IHECLibrary.Views.ProfileView for ViewModel IHECLibrary.ViewModels.ProfileViewModel
[2025-04-24 18:05:55.977] ViewLocator: Creating instance of IHECLibrary.Views.ProfileView
[2025-04-24 18:05:56.672] ViewLocator: Looking for view IHECLibrary.Views.HomeView for ViewModel IHECLibrary.ViewModels.HomeViewModel
[2025-04-24 18:05:56.672] ViewLocator: Creating instance of IHECLibrary.Views.HomeView
[2025-04-24 18:05:57.330] ViewLocator: Looking for view IHECLibrary.Views.LibraryView for ViewModel IHECLibrary.ViewModels.LibraryViewModel
[2025-04-24 18:05:57.331] ViewLocator: Creating instance of IHECLibrary.Views.LibraryView
[2025-04-24 18:05:58.128] ViewLocator: Looking for view IHECLibrary.Views.ProfileView for ViewModel IHECLibrary.ViewModels.ProfileViewModel
[2025-04-24 18:05:58.129] ViewLocator: Creating instance of IHECLibrary.Views.ProfileView
[2025-04-24 18:05:59.295] ViewLocator: Looking for view IHECLibrary.Views.LibraryView for ViewModel IHECLibrary.ViewModels.LibraryViewModel
[2025-04-24 18:05:59.296] ViewLocator: Creating instance of IHECLibrary.Views.LibraryView
[2025-04-24 18:06:54.344] ViewLocator: Looking for view IHECLibrary.Views.HomeView for ViewModel IHECLibrary.ViewModels.HomeViewModel
[2025-04-24 18:06:54.345] ViewLocator: Creating instance of IHECLibrary.Views.HomeView
[2025-04-24 18:07:03.663] ViewLocator: Looking for view IHECLibrary.Views.LibraryView for ViewModel IHECLibrary.ViewModels.LibraryViewModel
[2025-04-24 18:07:03.664] ViewLocator: Creating instance of IHECLibrary.Views.LibraryView
[2025-04-24 18:07:19.976] ViewLocator: Looking for view IHECLibrary.Views.ProfileView for ViewModel IHECLibrary.ViewModels.ProfileViewModel
[2025-04-24 18:07:19.977] ViewLocator: Creating instance of IHECLibrary.Views.ProfileView
[2025-04-24 18:07:53.582] ViewLocator: Looking for view IHECLibrary.Views.HomeView for ViewModel IHECLibrary.ViewModels.HomeViewModel
[2025-04-24 18:07:53.585] ViewLocator: Creating instance of IHECLibrary.Views.HomeView
[2025-04-24 18:07:55.248] ViewLocator: Looking for view IHECLibrary.Views.LibraryView for ViewModel IHECLibrary.ViewModels.LibraryViewModel
[2025-04-24 18:07:55.249] ViewLocator: Creating instance of IHECLibrary.Views.LibraryView
[2025-04-24 18:07:56.566] ViewLocator: Looking for view IHECLibrary.Views.HomeView for ViewModel IHECLibrary.ViewModels.HomeViewModel
[2025-04-24 18:07:56.567] ViewLocator: Creating instance of IHECLibrary.Views.HomeView
[2025-04-27 19:45:08.946] Application IHEC Library démarrée
[2025-04-27 19:45:14.776] Creating MainWindow
[2025-04-27 19:45:16.015] Setting up navigation service
[2025-04-27 19:45:16.063] Application started successfully
[2025-04-27 19:45:16.190] ViewLocator: Looking for view IHECLibrary.Views.LoginView for ViewModel IHECLibrary.ViewModels.LoginViewModel
[2025-04-27 19:45:16.191] ViewLocator: Creating instance of IHECLibrary.Views.LoginView
[2025-04-27 19:45:34.262] ViewLocator: Looking for view IHECLibrary.Views.HomeView for ViewModel IHECLibrary.ViewModels.HomeViewModel
[2025-04-27 19:45:34.263] ViewLocator: Creating instance of IHECLibrary.Views.HomeView
[2025-04-27 19:45:46.989] ViewLocator: Looking for view IHECLibrary.Views.LibraryView for ViewModel IHECLibrary.ViewModels.LibraryViewModel
[2025-04-27 19:45:46.990] ViewLocator: Creating instance of IHECLibrary.Views.LibraryView
[2025-04-27 19:46:31.080] ViewLocator: Looking for view IHECLibrary.Views.ProfileView for ViewModel IHECLibrary.ViewModels.ProfileViewModel
[2025-04-27 19:46:31.081] ViewLocator: Creating instance of IHECLibrary.Views.ProfileView
[2025-04-27 19:46:32.055] ViewLocator: Looking for view IHECLibrary.Views.HomeView for ViewModel IHECLibrary.ViewModels.HomeViewModel
[2025-04-27 19:46:32.056] ViewLocator: Creating instance of IHECLibrary.Views.HomeView
[2025-04-27 19:51:00.389] Application IHEC Library démarrée
[2025-04-27 19:51:01.139] Creating MainWindow
[2025-04-27 19:51:01.383] Setting up navigation service
[2025-04-27 19:51:01.431] Application started successfully
[2025-04-27 19:51:01.574] ViewLocator: Looking for view IHECLibrary.Views.LoginView for ViewModel IHECLibrary.ViewModels.LoginViewModel
[2025-04-27 19:51:01.574] ViewLocator: Creating instance of IHECLibrary.Views.LoginView
[2025-04-27 19:51:50.884] ViewLocator: Looking for view IHECLibrary.Views.HomeView for ViewModel IHECLibrary.ViewModels.HomeViewModel
[2025-04-27 19:51:50.885] ViewLocator: Creating instance of IHECLibrary.Views.HomeView
[2025-04-27 19:52:05.920] ViewLocator: Looking for view IHECLibrary.Views.LibraryView for ViewModel IHECLibrary.ViewModels.LibraryViewModel
[2025-04-27 19:52:05.921] ViewLocator: Creating instance of IHECLibrary.Views.LibraryView
[2025-04-27 19:55:41.702] Application IHEC Library démarrée
[2025-04-27 19:55:42.471] Creating MainWindow
[2025-04-27 19:55:42.721] Setting up navigation service
[2025-04-27 19:55:42.778] Application started successfully
[2025-04-27 19:55:42.900] ViewLocator: Looking for view IHECLibrary.Views.LoginView for ViewModel IHECLibrary.ViewModels.LoginViewModel
[2025-04-27 19:55:42.901] ViewLocator: Creating instance of IHECLibrary.Views.LoginView
[2025-04-27 19:56:26.189] ViewLocator: Looking for view IHECLibrary.Views.HomeView for ViewModel IHECLibrary.ViewModels.HomeViewModel
[2025-04-27 19:56:26.190] ViewLocator: Creating instance of IHECLibrary.Views.HomeView
[2025-04-27 19:59:22.784] Application IHEC Library démarrée
[2025-04-27 19:59:23.584] Creating MainWindow
[2025-04-27 19:59:23.831] Setting up navigation service
[2025-04-27 19:59:23.880] Application started successfully
[2025-04-27 19:59:24.000] ViewLocator: Looking for view IHECLibrary.Views.LoginView for ViewModel IHECLibrary.ViewModels.LoginViewModel
[2025-04-27 19:59:24.001] ViewLocator: Creating instance of IHECLibrary.Views.LoginView
[2025-04-27 19:59:57.020] ViewLocator: Looking for view IHECLibrary.Views.HomeView for ViewModel IHECLibrary.ViewModels.HomeViewModel
[2025-04-27 19:59:57.021] ViewLocator: Creating instance of IHECLibrary.Views.HomeView
[2025-04-27 20:35:41.513] Application IHEC Library démarrée
[2025-04-27 20:35:43.745] Creating MainWindow
[2025-04-27 20:35:44.869] Setting up navigation service
[2025-04-27 20:35:44.903] Application started successfully
[2025-04-27 20:35:45.015] ViewLocator: Looking for view IHECLibrary.Views.LoginView for ViewModel IHECLibrary.ViewModels.LoginViewModel
[2025-04-27 20:35:45.015] ViewLocator: Creating instance of IHECLibrary.Views.LoginView
[2025-04-27 20:36:25.860] ViewLocator: Looking for view IHECLibrary.Views.HomeView for ViewModel IHECLibrary.ViewModels.HomeViewModel
[2025-04-27 20:36:25.861] ViewLocator: Creating instance of IHECLibrary.Views.HomeView
[2025-04-27 20:36:36.450] ViewLocator: Looking for view IHECLibrary.Views.LibraryView for ViewModel IHECLibrary.ViewModels.LibraryViewModel
[2025-04-27 20:36:36.450] ViewLocator: Creating instance of IHECLibrary.Views.LibraryView
[2025-04-27 20:41:38.530] Application IHEC Library démarrée
[2025-04-27 20:41:39.090] Creating MainWindow
[2025-04-27 20:41:39.257] Setting up navigation service
[2025-04-27 20:41:39.289] Application started successfully
[2025-04-27 20:41:39.382] ViewLocator: Looking for view IHECLibrary.Views.LoginView for ViewModel IHECLibrary.ViewModels.LoginViewModel
[2025-04-27 20:41:39.383] ViewLocator: Creating instance of IHECLibrary.Views.LoginView
[2025-04-27 20:45:47.318] Application IHEC Library démarrée
[2025-04-27 20:45:47.847] Creating MainWindow
[2025-04-27 20:45:48.011] Setting up navigation service
[2025-04-27 20:45:48.043] Application started successfully
[2025-04-27 20:45:48.132] ViewLocator: Looking for view IHECLibrary.Views.LoginView for ViewModel IHECLibrary.ViewModels.LoginViewModel
[2025-04-27 20:45:48.133] ViewLocator: Creating instance of IHECLibrary.Views.LoginView
[2025-04-27 20:46:07.150] ViewLocator: Looking for view IHECLibrary.Views.HomeView for ViewModel IHECLibrary.ViewModels.HomeViewModel
[2025-04-27 20:46:07.150] ViewLocator: Creating instance of IHECLibrary.Views.HomeView
[2025-04-27 20:53:31.710] Application IHEC Library démarrée
[2025-04-27 20:53:32.231] Creating MainWindow
[2025-04-27 20:53:32.403] Setting up navigation service
[2025-04-27 20:53:32.437] Application started successfully
[2025-04-27 20:53:32.528] ViewLocator: Looking for view IHECLibrary.Views.LoginView for ViewModel IHECLibrary.ViewModels.LoginViewModel
[2025-04-27 20:53:32.529] ViewLocator: Creating instance of IHECLibrary.Views.LoginView
[2025-04-27 20:53:54.656] ViewLocator: Looking for view IHECLibrary.Views.HomeView for ViewModel IHECLibrary.ViewModels.HomeViewModel
[2025-04-27 20:53:54.656] ViewLocator: Creating instance of IHECLibrary.Views.HomeView
[2025-04-27 20:54:00.191] ViewLocator: Looking for view IHECLibrary.Views.LibraryView for ViewModel IHECLibrary.ViewModels.LibraryViewModel
[2025-04-27 20:54:00.191] ViewLocator: Creating instance of IHECLibrary.Views.LibraryView
[2025-04-27 20:57:40.326] Application IHEC Library démarrée
[2025-04-27 20:57:40.906] Creating MainWindow
[2025-04-27 20:57:41.141] Setting up navigation service
[2025-04-27 20:57:41.174] Application started successfully
[2025-04-27 20:57:41.269] ViewLocator: Looking for view IHECLibrary.Views.LoginView for ViewModel IHECLibrary.ViewModels.LoginViewModel
[2025-04-27 20:57:41.269] ViewLocator: Creating instance of IHECLibrary.Views.LoginView
[2025-04-27 20:57:53.576] ViewLocator: Looking for view IHECLibrary.Views.HomeView for ViewModel IHECLibrary.ViewModels.HomeViewModel
[2025-04-27 20:57:53.576] ViewLocator: Creating instance of IHECLibrary.Views.HomeView
[2025-04-27 20:58:51.468] ViewLocator: Looking for view IHECLibrary.Views.LibraryView for ViewModel IHECLibrary.ViewModels.LibraryViewModel
[2025-04-27 20:58:51.469] ViewLocator: Creating instance of IHECLibrary.Views.LibraryView
[2025-04-27 21:09:26.770] Application IHEC Library démarrée
[2025-04-27 21:09:27.286] Creating MainWindow
[2025-04-27 21:09:27.451] Setting up navigation service
[2025-04-27 21:09:27.483] Application started successfully
[2025-04-27 21:09:27.574] ViewLocator: Looking for view IHECLibrary.Views.LoginView for ViewModel IHECLibrary.ViewModels.LoginViewModel
[2025-04-27 21:09:27.574] ViewLocator: Creating instance of IHECLibrary.Views.LoginView
[2025-04-27 21:09:47.161] ViewLocator: Looking for view IHECLibrary.Views.HomeView for ViewModel IHECLibrary.ViewModels.HomeViewModel
[2025-04-27 21:09:47.162] ViewLocator: Creating instance of IHECLibrary.Views.HomeView
[2025-04-27 21:09:49.434] ViewLocator: Looking for view IHECLibrary.Views.LibraryView for ViewModel IHECLibrary.ViewModels.LibraryViewModel
[2025-04-27 21:09:49.435] ViewLocator: Creating instance of IHECLibrary.Views.LibraryView
[2025-04-27 21:13:13.356] ViewLocator: Looking for view IHECLibrary.Views.HomeView for ViewModel IHECLibrary.ViewModels.HomeViewModel
[2025-04-27 21:13:13.356] ViewLocator: Creating instance of IHECLibrary.Views.HomeView
[2025-04-27 21:31:56.974] Application IHEC Library démarrée
[2025-04-27 21:31:57.484] Creating MainWindow
[2025-04-27 21:31:57.648] Setting up navigation service
[2025-04-27 21:31:57.680] Application started successfully
[2025-04-27 21:31:57.770] ViewLocator: Looking for view IHECLibrary.Views.LoginView for ViewModel IHECLibrary.ViewModels.LoginViewModel
[2025-04-27 21:31:57.770] ViewLocator: Creating instance of IHECLibrary.Views.LoginView
[2025-04-27 21:32:35.693] ViewLocator: Looking for view IHECLibrary.Views.HomeView for ViewModel IHECLibrary.ViewModels.HomeViewModel
[2025-04-27 21:32:35.693] ViewLocator: Creating instance of IHECLibrary.Views.HomeView
[2025-04-27 21:32:46.633] ViewLocator: Looking for view IHECLibrary.Views.LibraryView for ViewModel IHECLibrary.ViewModels.LibraryViewModel
[2025-04-27 21:32:46.634] ViewLocator: Creating instance of IHECLibrary.Views.LibraryView
[2025-04-27 21:33:21.326] ViewLocator: Looking for view IHECLibrary.Views.ProfileView for ViewModel IHECLibrary.ViewModels.ProfileViewModel
[2025-04-27 21:33:21.326] ViewLocator: Creating instance of IHECLibrary.Views.ProfileView
[2025-04-27 21:33:31.841] ViewLocator: Looking for view IHECLibrary.Views.HomeView for ViewModel IHECLibrary.ViewModels.HomeViewModel
[2025-04-27 21:33:31.841] ViewLocator: Creating instance of IHECLibrary.Views.HomeView
[2025-04-27 21:33:33.862] ViewLocator: Looking for view IHECLibrary.Views.LibraryView for ViewModel IHECLibrary.ViewModels.LibraryViewModel
[2025-04-27 21:33:33.863] ViewLocator: Creating instance of IHECLibrary.Views.LibraryView
[2025-04-27 21:33:34.765] ViewLocator: Looking for view IHECLibrary.Views.HomeView for ViewModel IHECLibrary.ViewModels.HomeViewModel
[2025-04-27 21:33:34.766] ViewLocator: Creating instance of IHECLibrary.Views.HomeView
[2025-04-27 21:34:05.324] Application IHEC Library démarrée
[2025-04-27 21:34:05.854] Creating MainWindow
[2025-04-27 21:34:06.025] Setting up navigation service
[2025-04-27 21:34:06.057] Application started successfully
[2025-04-27 21:34:06.150] ViewLocator: Looking for view IHECLibrary.Views.LoginView for ViewModel IHECLibrary.ViewModels.LoginViewModel
[2025-04-27 21:34:06.150] ViewLocator: Creating instance of IHECLibrary.Views.LoginView
[2025-04-27 21:34:16.605] ViewLocator: Looking for view IHECLibrary.Views.HomeView for ViewModel IHECLibrary.ViewModels.HomeViewModel
[2025-04-27 21:34:16.606] ViewLocator: Creating instance of IHECLibrary.Views.HomeView
[2025-04-27 22:10:22.382] Application IHEC Library démarrée
[2025-04-27 22:10:22.927] Creating MainWindow
[2025-04-27 22:10:23.106] Setting up navigation service
[2025-04-27 22:10:23.141] Application started successfully
[2025-04-27 22:10:23.245] ViewLocator: Looking for view IHECLibrary.Views.LoginView for ViewModel IHECLibrary.ViewModels.LoginViewModel
[2025-04-27 22:10:23.245] ViewLocator: Creating instance of IHECLibrary.Views.LoginView
[2025-04-27 22:10:54.153] ViewLocator: Looking for view IHECLibrary.Views.HomeView for ViewModel IHECLibrary.ViewModels.HomeViewModel
[2025-04-27 22:10:54.153] ViewLocator: Creating instance of IHECLibrary.Views.HomeView
[2025-04-27 22:11:06.913] ViewLocator: Looking for view IHECLibrary.Views.LibraryView for ViewModel IHECLibrary.ViewModels.LibraryViewModel
[2025-04-27 22:11:06.914] ViewLocator: Creating instance of IHECLibrary.Views.LibraryView
[2025-04-27 22:25:32.141] ViewLocator: Looking for view IHECLibrary.Views.HomeView for ViewModel IHECLibrary.ViewModels.HomeViewModel
[2025-04-27 22:25:32.141] ViewLocator: Creating instance of IHECLibrary.Views.HomeView
[2025-04-27 22:25:35.323] ViewLocator: Looking for view IHECLibrary.Views.LibraryView for ViewModel IHECLibrary.ViewModels.LibraryViewModel
[2025-04-27 22:25:35.324] ViewLocator: Creating instance of IHECLibrary.Views.LibraryView
[2025-04-27 22:25:37.010] ViewLocator: Looking for view IHECLibrary.Views.HomeView for ViewModel IHECLibrary.ViewModels.HomeViewModel
[2025-04-27 22:25:37.011] ViewLocator: Creating instance of IHECLibrary.Views.HomeView
[2025-04-27 22:25:39.820] ViewLocator: Looking for view IHECLibrary.Views.LibraryView for ViewModel IHECLibrary.ViewModels.LibraryViewModel
[2025-04-27 22:25:39.821] ViewLocator: Creating instance of IHECLibrary.Views.LibraryView
[2025-04-27 22:25:45.294] ViewLocator: Looking for view IHECLibrary.Views.HomeView for ViewModel IHECLibrary.ViewModels.HomeViewModel
[2025-04-27 22:25:45.294] ViewLocator: Creating instance of IHECLibrary.Views.HomeView
[2025-04-27 22:26:01.133] ViewLocator: Looking for view IHECLibrary.Views.LibraryView for ViewModel IHECLibrary.ViewModels.LibraryViewModel
[2025-04-27 22:26:01.135] ViewLocator: Creating instance of IHECLibrary.Views.LibraryView
[2025-04-27 22:41:11.944] Application IHEC Library démarrée
[2025-04-27 22:41:12.462] Creating MainWindow
[2025-04-27 22:41:12.625] Setting up navigation service
[2025-04-27 22:41:12.657] Application started successfully
[2025-04-27 22:41:12.749] ViewLocator: Looking for view IHECLibrary.Views.LoginView for ViewModel IHECLibrary.ViewModels.LoginViewModel
[2025-04-27 22:41:12.749] ViewLocator: Creating instance of IHECLibrary.Views.LoginView
[2025-04-27 22:41:46.454] ViewLocator: Looking for view IHECLibrary.Views.HomeView for ViewModel IHECLibrary.ViewModels.HomeViewModel
[2025-04-27 22:41:46.456] ViewLocator: Creating instance of IHECLibrary.Views.HomeView
[2025-04-27 22:41:57.431] ViewLocator: Looking for view IHECLibrary.Views.LibraryView for ViewModel IHECLibrary.ViewModels.LibraryViewModel
[2025-04-27 22:41:57.432] ViewLocator: Creating instance of IHECLibrary.Views.LibraryView
[2025-04-27 23:03:08.438] Application IHEC Library démarrée
[2025-04-27 23:03:08.977] Creating MainWindow
[2025-04-27 23:03:09.150] Setting up navigation service
[2025-04-27 23:03:09.183] Application started successfully
[2025-04-27 23:03:09.274] ViewLocator: Looking for view IHECLibrary.Views.LoginView for ViewModel IHECLibrary.ViewModels.LoginViewModel
[2025-04-27 23:03:09.275] ViewLocator: Creating instance of IHECLibrary.Views.LoginView
[2025-04-27 23:03:26.767] ViewLocator: Looking for view IHECLibrary.Views.HomeView for ViewModel IHECLibrary.ViewModels.HomeViewModel
[2025-04-27 23:03:26.767] ViewLocator: Creating instance of IHECLibrary.Views.HomeView
[2025-04-27 23:03:32.514] ViewLocator: Looking for view IHECLibrary.Views.LibraryView for ViewModel IHECLibrary.ViewModels.LibraryViewModel
[2025-04-27 23:03:32.515] ViewLocator: Creating instance of IHECLibrary.Views.LibraryView
[2025-04-27 23:03:51.216] ViewLocator: Looking for view IHECLibrary.Views.HomeView for ViewModel IHECLibrary.ViewModels.HomeViewModel
[2025-04-27 23:03:51.217] ViewLocator: Creating instance of IHECLibrary.Views.HomeView
[2025-04-27 23:21:19.162] Application IHEC Library démarrée
[2025-04-27 23:21:19.696] Creating MainWindow
[2025-04-27 23:21:19.886] Setting up navigation service
[2025-04-27 23:21:19.925] Application started successfully
[2025-04-27 23:21:20.019] ViewLocator: Looking for view IHECLibrary.Views.LoginView for ViewModel IHECLibrary.ViewModels.LoginViewModel
[2025-04-27 23:21:20.019] ViewLocator: Creating instance of IHECLibrary.Views.LoginView
[2025-04-27 23:21:44.535] ViewLocator: Looking for view IHECLibrary.Views.HomeView for ViewModel IHECLibrary.ViewModels.HomeViewModel
[2025-04-27 23:21:44.536] ViewLocator: Creating instance of IHECLibrary.Views.HomeView
[2025-04-27 23:22:05.221] ViewLocator: Looking for view IHECLibrary.Views.ProfileView for ViewModel IHECLibrary.ViewModels.ProfileViewModel
[2025-04-27 23:22:05.222] ViewLocator: Creating instance of IHECLibrary.Views.ProfileView
[2025-04-27 23:22:06.807] ViewLocator: Looking for view IHECLibrary.Views.HomeView for ViewModel IHECLibrary.ViewModels.HomeViewModel
[2025-04-27 23:22:06.808] ViewLocator: Creating instance of IHECLibrary.Views.HomeView
[2025-04-27 23:38:04.917] Application IHEC Library démarrée
[2025-04-27 23:38:05.451] Creating MainWindow
[2025-04-27 23:38:05.620] Setting up navigation service
[2025-04-27 23:38:05.655] Application started successfully
[2025-04-27 23:38:05.749] ViewLocator: Looking for view IHECLibrary.Views.LoginView for ViewModel IHECLibrary.ViewModels.LoginViewModel
[2025-04-27 23:38:05.749] ViewLocator: Creating instance of IHECLibrary.Views.LoginView
[2025-04-27 23:38:31.420] ViewLocator: Looking for view IHECLibrary.Views.HomeView for ViewModel IHECLibrary.ViewModels.HomeViewModel
[2025-04-27 23:38:31.421] ViewLocator: Creating instance of IHECLibrary.Views.HomeView
[2025-04-27 23:38:34.695] ViewLocator: Looking for view IHECLibrary.Views.LibraryView for ViewModel IHECLibrary.ViewModels.LibraryViewModel
[2025-04-27 23:38:34.695] ViewLocator: Creating instance of IHECLibrary.Views.LibraryView
[2025-04-27 23:38:51.165] ViewLocator: Looking for view IHECLibrary.Views.ChatbotView for ViewModel IHECLibrary.ViewModels.ChatbotViewModel
[2025-04-27 23:38:51.165] ViewLocator: Creating instance of IHECLibrary.Views.ChatbotView
[2025-04-27 23:38:51.171] ViewLocator: TargetInvocationException occurred: Exception has been thrown by the target of an invocation.
[2025-04-27 23:38:51.171] ViewLocator: Inner exception: The resource /Assets/send_icon.png could not be found.
[2025-04-27 23:38:51.253] ViewLocator: Inner exception stack trace:    at Avalonia.Platform.StandardAssetLoader.OpenAndGetAssembly(Uri uri, Uri baseUri)
   at Avalonia.Platform.StandardAssetLoader.Open(Uri uri, Uri baseUri)
   at Avalonia.Markup.Xaml.Converters.BitmapTypeConverter.ConvertFrom(ITypeDescriptorContext context, CultureInfo culture, Object value)
   at IHECLibrary.Views.ChatbotView.!XamlIlPopulate(IServiceProvider , ChatbotView ) in C:\Users\GIGABYTE\Desktop\ihec_library-\src\IHECLibrary\Views/ChatbotView.axaml:line 149
   at IHECLibrary.Views.ChatbotView.!XamlIlPopulateTrampoline(ChatbotView ) in C:\Users\GIGABYTE\Desktop\ihec_library-\src\IHECLibrary\Views/ChatbotView.axaml:line 0
   at IHECLibrary.Views.ChatbotView.InitializeComponent() in C:\Users\GIGABYTE\Desktop\ihec_library-\src\IHECLibrary\Views\ChatbotView.axaml.cs:line 15
   at IHECLibrary.Views.ChatbotView..ctor() in C:\Users\GIGABYTE\Desktop\ihec_library-\src\IHECLibrary\Views\ChatbotView.axaml.cs:line 10
   at System.RuntimeType.CreateInstanceDefaultCtor(Boolean publicOnly, Boolean wrapExceptions)
[2025-04-27 23:38:51.254] EXCEPTION dans Erreur lors de la création de la vue: IHECLibrary.Views.ChatbotView: Error in view initialization: The resource /Assets/send_icon.png could not be found.
   at IHECLibrary.ViewLocator.Build(Object param) in C:\Users\GIGABYTE\Desktop\ihec_library-\src\IHECLibrary\ViewLocator.cs:line 58
Inner Exception: The resource /Assets/send_icon.png could not be found.
   at Avalonia.Platform.StandardAssetLoader.OpenAndGetAssembly(Uri uri, Uri baseUri)
   at Avalonia.Platform.StandardAssetLoader.Open(Uri uri, Uri baseUri)
   at Avalonia.Markup.Xaml.Converters.BitmapTypeConverter.ConvertFrom(ITypeDescriptorContext context, CultureInfo culture, Object value)
   at IHECLibrary.Views.ChatbotView.!XamlIlPopulate(IServiceProvider , ChatbotView ) in C:\Users\GIGABYTE\Desktop\ihec_library-\src\IHECLibrary\Views/ChatbotView.axaml:line 149
   at IHECLibrary.Views.ChatbotView.!XamlIlPopulateTrampoline(ChatbotView ) in C:\Users\GIGABYTE\Desktop\ihec_library-\src\IHECLibrary\Views/ChatbotView.axaml:line 0
   at IHECLibrary.Views.ChatbotView.InitializeComponent() in C:\Users\GIGABYTE\Desktop\ihec_library-\src\IHECLibrary\Views\ChatbotView.axaml.cs:line 15
   at IHECLibrary.Views.ChatbotView..ctor() in C:\Users\GIGABYTE\Desktop\ihec_library-\src\IHECLibrary\Views\ChatbotView.axaml.cs:line 10
   at System.RuntimeType.CreateInstanceDefaultCtor(Boolean publicOnly, Boolean wrapExceptions)
[2025-04-27 23:38:51.255] Inner Exception in view IHECLibrary.Views.ChatbotView: The resource /Assets/send_icon.png could not be found.
[2025-04-27 23:49:40.921] Application IHEC Library démarrée
[2025-04-27 23:49:41.466] Creating MainWindow
[2025-04-27 23:49:41.640] Setting up navigation service
[2025-04-27 23:49:41.675] Application started successfully
[2025-04-27 23:49:41.779] ViewLocator: Looking for view IHECLibrary.Views.LoginView for ViewModel IHECLibrary.ViewModels.LoginViewModel
[2025-04-27 23:49:41.779] ViewLocator: Creating instance of IHECLibrary.Views.LoginView
[2025-04-27 23:50:00.345] ViewLocator: Looking for view IHECLibrary.Views.HomeView for ViewModel IHECLibrary.ViewModels.HomeViewModel
[2025-04-27 23:50:00.346] ViewLocator: Creating instance of IHECLibrary.Views.HomeView
[2025-04-27 23:50:01.348] ViewLocator: Looking for view IHECLibrary.Views.ChatbotView for ViewModel IHECLibrary.ViewModels.ChatbotViewModel
[2025-04-27 23:50:01.349] ViewLocator: Creating instance of IHECLibrary.Views.ChatbotView
[2025-04-27 23:50:01.359] ViewLocator: TargetInvocationException occurred: Exception has been thrown by the target of an invocation.
[2025-04-27 23:50:01.359] ViewLocator: Inner exception: The resource /Assets/send_icon.png could not be found.
[2025-04-27 23:50:01.387] ViewLocator: Inner exception stack trace:    at Avalonia.Platform.StandardAssetLoader.OpenAndGetAssembly(Uri uri, Uri baseUri)
   at Avalonia.Platform.StandardAssetLoader.Open(Uri uri, Uri baseUri)
   at Avalonia.Markup.Xaml.Converters.BitmapTypeConverter.ConvertFrom(ITypeDescriptorContext context, CultureInfo culture, Object value)
   at IHECLibrary.Views.ChatbotView.!XamlIlPopulate(IServiceProvider , ChatbotView ) in C:\Users\GIGABYTE\Desktop\ihec_library-\src\IHECLibrary\Views/ChatbotView.axaml:line 149
   at IHECLibrary.Views.ChatbotView.!XamlIlPopulateTrampoline(ChatbotView ) in C:\Users\GIGABYTE\Desktop\ihec_library-\src\IHECLibrary\Views/ChatbotView.axaml:line 0
   at IHECLibrary.Views.ChatbotView.InitializeComponent() in C:\Users\GIGABYTE\Desktop\ihec_library-\src\IHECLibrary\Views\ChatbotView.axaml.cs:line 15
   at IHECLibrary.Views.ChatbotView..ctor() in C:\Users\GIGABYTE\Desktop\ihec_library-\src\IHECLibrary\Views\ChatbotView.axaml.cs:line 10
   at System.RuntimeType.CreateInstanceDefaultCtor(Boolean publicOnly, Boolean wrapExceptions)
[2025-04-27 23:50:01.389] EXCEPTION dans Erreur lors de la création de la vue: IHECLibrary.Views.ChatbotView: Error in view initialization: The resource /Assets/send_icon.png could not be found.
   at IHECLibrary.ViewLocator.Build(Object param) in C:\Users\GIGABYTE\Desktop\ihec_library-\src\IHECLibrary\ViewLocator.cs:line 58
Inner Exception: The resource /Assets/send_icon.png could not be found.
   at Avalonia.Platform.StandardAssetLoader.OpenAndGetAssembly(Uri uri, Uri baseUri)
   at Avalonia.Platform.StandardAssetLoader.Open(Uri uri, Uri baseUri)
   at Avalonia.Markup.Xaml.Converters.BitmapTypeConverter.ConvertFrom(ITypeDescriptorContext context, CultureInfo culture, Object value)
   at IHECLibrary.Views.ChatbotView.!XamlIlPopulate(IServiceProvider , ChatbotView ) in C:\Users\GIGABYTE\Desktop\ihec_library-\src\IHECLibrary\Views/ChatbotView.axaml:line 149
   at IHECLibrary.Views.ChatbotView.!XamlIlPopulateTrampoline(ChatbotView ) in C:\Users\GIGABYTE\Desktop\ihec_library-\src\IHECLibrary\Views/ChatbotView.axaml:line 0
   at IHECLibrary.Views.ChatbotView.InitializeComponent() in C:\Users\GIGABYTE\Desktop\ihec_library-\src\IHECLibrary\Views\ChatbotView.axaml.cs:line 15
   at IHECLibrary.Views.ChatbotView..ctor() in C:\Users\GIGABYTE\Desktop\ihec_library-\src\IHECLibrary\Views\ChatbotView.axaml.cs:line 10
   at System.RuntimeType.CreateInstanceDefaultCtor(Boolean publicOnly, Boolean wrapExceptions)
[2025-04-27 23:50:01.389] Inner Exception in view IHECLibrary.Views.ChatbotView: The resource /Assets/send_icon.png could not be found.
[2025-04-27 23:59:23.554] Application IHEC Library démarrée
[2025-04-27 23:59:24.140] Creating MainWindow
[2025-04-27 23:59:24.305] Setting up navigation service
[2025-04-27 23:59:24.337] Application started successfully
[2025-04-27 23:59:24.428] ViewLocator: Looking for view IHECLibrary.Views.LoginView for ViewModel IHECLibrary.ViewModels.LoginViewModel
[2025-04-27 23:59:24.429] ViewLocator: Creating instance of IHECLibrary.Views.LoginView
[2025-04-27 23:59:44.373] ViewLocator: Looking for view IHECLibrary.Views.HomeView for ViewModel IHECLibrary.ViewModels.HomeViewModel
[2025-04-27 23:59:44.374] ViewLocator: Creating instance of IHECLibrary.Views.HomeView
[2025-04-27 23:59:45.822] ViewLocator: Looking for view IHECLibrary.Views.ProfileView for ViewModel IHECLibrary.ViewModels.ProfileViewModel
[2025-04-27 23:59:45.822] ViewLocator: Creating instance of IHECLibrary.Views.ProfileView
[2025-04-27 23:59:46.392] ViewLocator: Looking for view IHECLibrary.Views.ChatbotView for ViewModel IHECLibrary.ViewModels.ChatbotViewModel
[2025-04-27 23:59:46.393] ViewLocator: Creating instance of IHECLibrary.Views.ChatbotView
[2025-04-28 00:12:07.623] Application IHEC Library démarrée
[2025-04-28 00:12:08.179] Creating MainWindow
[2025-04-28 00:12:08.347] Setting up navigation service
[2025-04-28 00:12:08.407] Application started successfully
[2025-04-28 00:12:08.499] ViewLocator: Looking for view IHECLibrary.Views.LoginView for ViewModel IHECLibrary.ViewModels.LoginViewModel
[2025-04-28 00:12:08.500] ViewLocator: Creating instance of IHECLibrary.Views.LoginView
[2025-04-28 00:12:34.803] ViewLocator: Looking for view IHECLibrary.Views.HomeView for ViewModel IHECLibrary.ViewModels.HomeViewModel
[2025-04-28 00:12:34.804] ViewLocator: Creating instance of IHECLibrary.Views.HomeView
[2025-04-28 00:12:36.689] ViewLocator: Looking for view IHECLibrary.Views.ChatbotView for ViewModel IHECLibrary.ViewModels.ChatbotViewModel
[2025-04-28 00:12:36.690] ViewLocator: Creating instance of IHECLibrary.Views.ChatbotView
[2025-04-28 00:26:51.468] Application IHEC Library démarrée
[2025-04-28 00:26:52.928] Creating MainWindow
[2025-04-28 00:26:53.259] Setting up navigation service
[2025-04-28 00:26:53.322] Application started successfully
[2025-04-28 00:26:53.507] ViewLocator: Looking for view IHECLibrary.Views.LoginView for ViewModel IHECLibrary.ViewModels.LoginViewModel
[2025-04-28 00:26:53.510] ViewLocator: Creating instance of IHECLibrary.Views.LoginView
[2025-04-28 01:28:36.574] Application IHEC Library démarrée
[2025-04-28 01:28:37.109] Creating MainWindow
[2025-04-28 01:28:37.271] Setting up navigation service
[2025-04-28 01:28:37.303] Application started successfully
[2025-04-28 01:28:37.394] ViewLocator: Looking for view IHECLibrary.Views.LoginView for ViewModel IHECLibrary.ViewModels.LoginViewModel
[2025-04-28 01:28:37.395] ViewLocator: Creating instance of IHECLibrary.Views.LoginView
[2025-04-28 01:28:52.783] ViewLocator: Looking for view IHECLibrary.Views.HomeView for ViewModel IHECLibrary.ViewModels.HomeViewModel
[2025-04-28 01:28:52.784] ViewLocator: Creating instance of IHECLibrary.Views.HomeView
[2025-04-28 01:28:54.630] ViewLocator: Looking for view IHECLibrary.Views.LibraryView for ViewModel IHECLibrary.ViewModels.LibraryViewModel
[2025-04-28 01:28:54.630] ViewLocator: Creating instance of IHECLibrary.Views.LibraryView
[2025-04-28 01:28:55.768] ViewLocator: Looking for view IHECLibrary.Views.ProfileView for ViewModel IHECLibrary.ViewModels.ProfileViewModel
[2025-04-28 01:28:55.768] ViewLocator: Creating instance of IHECLibrary.Views.ProfileView
[2025-04-28 01:28:57.079] ViewLocator: Looking for view IHECLibrary.Views.ChatbotView for ViewModel IHECLibrary.ViewModels.ChatbotViewModel
[2025-04-28 01:28:57.079] ViewLocator: Creating instance of IHECLibrary.Views.ChatbotView
[2025-04-28 01:30:20.038] Application IHEC Library démarrée
[2025-04-28 01:30:21.283] Creating MainWindow
[2025-04-28 01:30:21.647] Setting up navigation service
[2025-04-28 01:30:21.708] Application started successfully
[2025-04-28 01:30:21.887] ViewLocator: Looking for view IHECLibrary.Views.LoginView for ViewModel IHECLibrary.ViewModels.LoginViewModel
[2025-04-28 01:30:21.890] ViewLocator: Creating instance of IHECLibrary.Views.LoginView
[2025-04-28 01:30:29.885] ViewLocator: Looking for view IHECLibrary.Views.HomeView for ViewModel IHECLibrary.ViewModels.HomeViewModel
[2025-04-28 01:30:29.898] ViewLocator: Creating instance of IHECLibrary.Views.HomeView
[2025-04-28 01:30:31.678] ViewLocator: Looking for view IHECLibrary.Views.LibraryView for ViewModel IHECLibrary.ViewModels.LibraryViewModel
[2025-04-28 01:30:31.681] ViewLocator: Creating instance of IHECLibrary.Views.LibraryView
[2025-04-28 01:30:32.841] ViewLocator: Looking for view IHECLibrary.Views.ProfileView for ViewModel IHECLibrary.ViewModels.ProfileViewModel
[2025-04-28 01:30:32.847] ViewLocator: Creating instance of IHECLibrary.Views.ProfileView
[2025-04-28 01:30:33.557] ViewLocator: Looking for view IHECLibrary.Views.ChatbotView for ViewModel IHECLibrary.ViewModels.ChatbotViewModel
[2025-04-28 01:30:33.562] ViewLocator: Creating instance of IHECLibrary.Views.ChatbotView
[2025-04-28 01:35:41.409] Application IHEC Library démarrée
[2025-04-28 01:35:41.980] Creating MainWindow
[2025-04-28 01:35:42.162] Setting up navigation service
[2025-04-28 01:35:42.196] Application started successfully
[2025-04-28 01:35:42.289] ViewLocator: Looking for view IHECLibrary.Views.LoginView for ViewModel IHECLibrary.ViewModels.LoginViewModel
[2025-04-28 01:35:42.290] ViewLocator: Creating instance of IHECLibrary.Views.LoginView
[2025-04-28 01:36:16.486] ViewLocator: Looking for view IHECLibrary.Views.HomeView for ViewModel IHECLibrary.ViewModels.HomeViewModel
[2025-04-28 01:36:16.487] ViewLocator: Creating instance of IHECLibrary.Views.HomeView
[2025-04-28 01:36:18.217] ViewLocator: Looking for view IHECLibrary.Views.LibraryView for ViewModel IHECLibrary.ViewModels.LibraryViewModel
[2025-04-28 01:36:18.218] ViewLocator: Creating instance of IHECLibrary.Views.LibraryView
[2025-04-28 01:36:19.023] ViewLocator: Looking for view IHECLibrary.Views.ChatbotView for ViewModel IHECLibrary.ViewModels.ChatbotViewModel
[2025-04-28 01:36:19.024] ViewLocator: Creating instance of IHECLibrary.Views.ChatbotView
[2025-04-28 01:37:06.583] ViewLocator: Looking for view IHECLibrary.Views.ProfileView for ViewModel IHECLibrary.ViewModels.ProfileViewModel
[2025-04-28 01:37:06.585] ViewLocator: Creating instance of IHECLibrary.Views.ProfileView
[2025-04-28 01:37:07.474] ViewLocator: Looking for view IHECLibrary.Views.ChatbotView for ViewModel IHECLibrary.ViewModels.ChatbotViewModel
[2025-04-28 01:37:07.474] ViewLocator: Creating instance of IHECLibrary.Views.ChatbotView
[2025-04-28 01:37:08.383] ViewLocator: Looking for view IHECLibrary.Views.HomeView for ViewModel IHECLibrary.ViewModels.HomeViewModel
[2025-04-28 01:37:08.384] ViewLocator: Creating instance of IHECLibrary.Views.HomeView
[2025-04-28 01:37:27.555] ViewLocator: Looking for view IHECLibrary.Views.LibraryView for ViewModel IHECLibrary.ViewModels.LibraryViewModel
[2025-04-28 01:37:27.556] ViewLocator: Creating instance of IHECLibrary.Views.LibraryView
[2025-04-28 01:43:13.534] Application IHEC Library démarrée
[2025-04-28 01:43:14.152] Creating MainWindow
[2025-04-28 01:43:14.347] Setting up navigation service
[2025-04-28 01:43:14.386] Application started successfully
[2025-04-28 01:43:14.489] ViewLocator: Looking for view IHECLibrary.Views.LoginView for ViewModel IHECLibrary.ViewModels.LoginViewModel
[2025-04-28 01:43:14.489] ViewLocator: Creating instance of IHECLibrary.Views.LoginView
[2025-04-28 01:43:27.161] ViewLocator: Looking for view IHECLibrary.Views.HomeView for ViewModel IHECLibrary.ViewModels.HomeViewModel
[2025-04-28 01:43:27.162] ViewLocator: Creating instance of IHECLibrary.Views.HomeView
[2025-04-28 01:43:32.726] ViewLocator: Looking for view IHECLibrary.Views.LibraryView for ViewModel IHECLibrary.ViewModels.LibraryViewModel
[2025-04-28 01:43:32.727] ViewLocator: Creating instance of IHECLibrary.Views.LibraryView
[2025-04-28 01:43:50.825] ViewLocator: Looking for view IHECLibrary.Views.ProfileView for ViewModel IHECLibrary.ViewModels.ProfileViewModel
[2025-04-28 01:43:50.826] ViewLocator: Creating instance of IHECLibrary.Views.ProfileView
[2025-04-28 01:44:00.215] ViewLocator: Looking for view IHECLibrary.Views.ChatbotView for ViewModel IHECLibrary.ViewModels.ChatbotViewModel
[2025-04-28 01:44:00.215] ViewLocator: Creating instance of IHECLibrary.Views.ChatbotView
[2025-04-28 01:44:00.733] ViewLocator: Looking for view IHECLibrary.Views.LibraryView for ViewModel IHECLibrary.ViewModels.LibraryViewModel
[2025-04-28 01:44:00.734] ViewLocator: Creating instance of IHECLibrary.Views.LibraryView
[2025-04-28 01:44:06.958] ViewLocator: Looking for view IHECLibrary.Views.ChatbotView for ViewModel IHECLibrary.ViewModels.ChatbotViewModel
[2025-04-28 01:44:06.959] ViewLocator: Creating instance of IHECLibrary.Views.ChatbotView
[2025-04-28 01:44:11.061] ViewLocator: Looking for view IHECLibrary.Views.HomeView for ViewModel IHECLibrary.ViewModels.HomeViewModel
[2025-04-28 01:44:11.062] ViewLocator: Creating instance of IHECLibrary.Views.HomeView
[2025-04-28 01:44:16.623] ViewLocator: Looking for view IHECLibrary.Views.ProfileView for ViewModel IHECLibrary.ViewModels.ProfileViewModel
[2025-04-28 01:44:16.623] ViewLocator: Creating instance of IHECLibrary.Views.ProfileView
[2025-04-28 01:46:17.293] ViewLocator: Looking for view IHECLibrary.Views.HomeView for ViewModel IHECLibrary.ViewModels.HomeViewModel
[2025-04-28 01:46:17.295] ViewLocator: Creating instance of IHECLibrary.Views.HomeView
[2025-04-28 01:46:27.834] ViewLocator: Looking for view IHECLibrary.Views.ProfileView for ViewModel IHECLibrary.ViewModels.ProfileViewModel
[2025-04-28 01:46:27.835] ViewLocator: Creating instance of IHECLibrary.Views.ProfileView
[2025-04-28 01:48:50.281] Application IHEC Library démarrée
[2025-04-28 01:48:50.863] Creating MainWindow
[2025-04-28 01:48:51.061] Setting up navigation service
[2025-04-28 01:48:51.104] Application started successfully
[2025-04-28 01:48:51.205] ViewLocator: Looking for view IHECLibrary.Views.LoginView for ViewModel IHECLibrary.ViewModels.LoginViewModel
[2025-04-28 01:48:51.206] ViewLocator: Creating instance of IHECLibrary.Views.LoginView
[2025-04-28 01:49:03.097] ViewLocator: Looking for view IHECLibrary.Views.HomeView for ViewModel IHECLibrary.ViewModels.HomeViewModel
[2025-04-28 01:49:03.098] ViewLocator: Creating instance of IHECLibrary.Views.HomeView
[2025-04-28 01:49:05.376] ViewLocator: Looking for view IHECLibrary.Views.ProfileView for ViewModel IHECLibrary.ViewModels.ProfileViewModel
[2025-04-28 01:49:05.376] ViewLocator: Creating instance of IHECLibrary.Views.ProfileView
[2025-04-28 01:49:26.367] ViewLocator: Looking for view IHECLibrary.Views.HomeView for ViewModel IHECLibrary.ViewModels.HomeViewModel
[2025-04-28 01:49:26.368] ViewLocator: Creating instance of IHECLibrary.Views.HomeView
[2025-04-28 01:49:59.559] ViewLocator: Looking for view IHECLibrary.Views.ProfileView for ViewModel IHECLibrary.ViewModels.ProfileViewModel
[2025-04-28 01:49:59.559] ViewLocator: Creating instance of IHECLibrary.Views.ProfileView
[2025-04-28 01:53:54.647] Application IHEC Library démarrée
[2025-04-28 01:53:55.204] Creating MainWindow
[2025-04-28 01:53:55.368] Setting up navigation service
[2025-04-28 01:53:55.403] Application started successfully
[2025-04-28 01:53:55.509] ViewLocator: Looking for view IHECLibrary.Views.LoginView for ViewModel IHECLibrary.ViewModels.LoginViewModel
[2025-04-28 01:53:55.510] ViewLocator: Creating instance of IHECLibrary.Views.LoginView
[2025-04-28 01:54:41.325] ViewLocator: Looking for view IHECLibrary.Views.HomeView for ViewModel IHECLibrary.ViewModels.HomeViewModel
[2025-04-28 01:54:41.327] ViewLocator: Creating instance of IHECLibrary.Views.HomeView
[2025-04-28 01:54:49.598] ViewLocator: Looking for view IHECLibrary.Views.ProfileView for ViewModel IHECLibrary.ViewModels.ProfileViewModel
[2025-04-28 01:54:49.599] ViewLocator: Creating instance of IHECLibrary.Views.ProfileView
[2025-04-28 01:56:48.426] ViewLocator: Looking for view IHECLibrary.Views.HomeView for ViewModel IHECLibrary.ViewModels.HomeViewModel
[2025-04-28 01:56:48.426] ViewLocator: Creating instance of IHECLibrary.Views.HomeView
[2025-04-28 01:56:53.016] ViewLocator: Looking for view IHECLibrary.Views.ProfileView for ViewModel IHECLibrary.ViewModels.ProfileViewModel
[2025-04-28 01:56:53.017] ViewLocator: Creating instance of IHECLibrary.Views.ProfileView
[2025-04-28 02:00:41.759] Application IHEC Library démarrée
[2025-04-28 02:00:42.400] Creating MainWindow
[2025-04-28 02:00:42.593] Setting up navigation service
[2025-04-28 02:00:42.637] Application started successfully
[2025-04-28 02:00:42.748] ViewLocator: Looking for view IHECLibrary.Views.LoginView for ViewModel IHECLibrary.ViewModels.LoginViewModel
[2025-04-28 02:00:42.748] ViewLocator: Creating instance of IHECLibrary.Views.LoginView
[2025-04-28 02:01:00.075] ViewLocator: Looking for view IHECLibrary.Views.HomeView for ViewModel IHECLibrary.ViewModels.HomeViewModel
[2025-04-28 02:01:00.077] ViewLocator: Creating instance of IHECLibrary.Views.HomeView
[2025-04-28 02:01:06.226] ViewLocator: Looking for view IHECLibrary.Views.LibraryView for ViewModel IHECLibrary.ViewModels.LibraryViewModel
[2025-04-28 02:01:06.226] ViewLocator: Creating instance of IHECLibrary.Views.LibraryView
[2025-04-28 02:01:16.281] ViewLocator: Looking for view IHECLibrary.Views.ProfileView for ViewModel IHECLibrary.ViewModels.ProfileViewModel
[2025-04-28 02:01:16.282] ViewLocator: Creating instance of IHECLibrary.Views.ProfileView
[2025-04-28 02:01:38.324] ViewLocator: Looking for view IHECLibrary.Views.HomeView for ViewModel IHECLibrary.ViewModels.HomeViewModel
[2025-04-28 02:01:38.324] ViewLocator: Creating instance of IHECLibrary.Views.HomeView
[2025-04-28 02:01:55.253] ViewLocator: Looking for view IHECLibrary.Views.ProfileView for ViewModel IHECLibrary.ViewModels.ProfileViewModel
[2025-04-28 02:01:55.254] ViewLocator: Creating instance of IHECLibrary.Views.ProfileView
[2025-04-28 02:01:55.922] ViewLocator: Looking for view IHECLibrary.Views.ChatbotView for ViewModel IHECLibrary.ViewModels.ChatbotViewModel
[2025-04-28 02:01:55.923] ViewLocator: Creating instance of IHECLibrary.Views.ChatbotView
[2025-04-28 02:01:59.891] ViewLocator: Looking for view IHECLibrary.Views.HomeView for ViewModel IHECLibrary.ViewModels.HomeViewModel
[2025-04-28 02:01:59.892] ViewLocator: Creating instance of IHECLibrary.Views.HomeView
[2025-04-28 02:02:02.416] ViewLocator: Looking for view IHECLibrary.Views.ProfileView for ViewModel IHECLibrary.ViewModels.ProfileViewModel
[2025-04-28 02:02:02.417] ViewLocator: Creating instance of IHECLibrary.Views.ProfileView
[2025-04-28 02:02:28.090] ViewLocator: Looking for view IHECLibrary.Views.HomeView for ViewModel IHECLibrary.ViewModels.HomeViewModel
[2025-04-28 02:02:28.090] ViewLocator: Creating instance of IHECLibrary.Views.HomeView
[2025-04-28 20:49:36.840] Application IHEC Library démarrée
[2025-04-28 20:49:41.780] Creating MainWindow
[2025-04-28 20:49:43.013] Setting up navigation service
[2025-04-28 20:49:43.049] Application started successfully
[2025-04-28 20:49:43.142] ViewLocator: Looking for view IHECLibrary.Views.LoginView for ViewModel IHECLibrary.ViewModels.LoginViewModel
[2025-04-28 20:49:43.142] ViewLocator: Creating instance of IHECLibrary.Views.LoginView
[2025-04-28 20:51:03.738] ViewLocator: Looking for view IHECLibrary.Views.HomeView for ViewModel IHECLibrary.ViewModels.HomeViewModel
[2025-04-28 20:51:03.740] ViewLocator: Creating instance of IHECLibrary.Views.HomeView
[2025-04-28 20:54:55.326] Application IHEC Library démarrée
[2025-04-28 20:54:55.914] Creating MainWindow
[2025-04-28 20:54:56.091] Setting up navigation service
[2025-04-28 20:54:56.127] Application started successfully
[2025-04-28 20:54:56.229] ViewLocator: Looking for view IHECLibrary.Views.LoginView for ViewModel IHECLibrary.ViewModels.LoginViewModel
[2025-04-28 20:54:56.230] ViewLocator: Creating instance of IHECLibrary.Views.LoginView
[2025-04-28 20:55:03.681] ViewLocator: Looking for view IHECLibrary.Views.RegisterView for ViewModel IHECLibrary.ViewModels.RegisterViewModel
[2025-04-28 20:55:03.682] ViewLocator: Creating instance of IHECLibrary.Views.RegisterView
[2025-04-28 20:55:10.883] ViewLocator: Looking for view IHECLibrary.Views.LoginView for ViewModel IHECLibrary.ViewModels.LoginViewModel
[2025-04-28 20:55:10.884] ViewLocator: Creating instance of IHECLibrary.Views.LoginView
[2025-04-28 20:56:11.533] ViewLocator: Looking for view IHECLibrary.Views.RegisterView for ViewModel IHECLibrary.ViewModels.RegisterViewModel
[2025-04-28 20:56:11.533] ViewLocator: Creating instance of IHECLibrary.Views.RegisterView
[2025-04-28 20:56:16.042] ViewLocator: Looking for view IHECLibrary.Views.LoginView for ViewModel IHECLibrary.ViewModels.LoginViewModel
[2025-04-28 20:56:16.043] ViewLocator: Creating instance of IHECLibrary.Views.LoginView
[2025-04-28 20:56:18.499] ViewLocator: Looking for view IHECLibrary.Views.AdminLoginView for ViewModel IHECLibrary.ViewModels.AdminLoginViewModel
[2025-04-28 20:56:18.500] ViewLocator: Creating instance of IHECLibrary.Views.AdminLoginView
[2025-04-28 20:56:23.974] ViewLocator: Looking for view IHECLibrary.Views.LoginView for ViewModel IHECLibrary.ViewModels.LoginViewModel
[2025-04-28 20:56:23.975] ViewLocator: Creating instance of IHECLibrary.Views.LoginView
[2025-04-28 21:04:55.759] Application IHEC Library démarrée
[2025-04-28 21:04:56.458] Creating MainWindow
[2025-04-28 21:04:56.652] Setting up navigation service
[2025-04-28 21:04:56.686] Application started successfully
[2025-04-28 21:04:56.782] ViewLocator: Looking for view IHECLibrary.Views.LoginView for ViewModel IHECLibrary.ViewModels.LoginViewModel
[2025-04-28 21:04:56.782] ViewLocator: Creating instance of IHECLibrary.Views.LoginView
[2025-04-28 21:05:54.560] ViewLocator: Looking for view IHECLibrary.Views.HomeView for ViewModel IHECLibrary.ViewModels.HomeViewModel
[2025-04-28 21:05:54.560] ViewLocator: Creating instance of IHECLibrary.Views.HomeView
[2025-04-28 21:05:56.987] ViewLocator: Looking for view IHECLibrary.Views.LibraryView for ViewModel IHECLibrary.ViewModels.LibraryViewModel
[2025-04-28 21:05:56.988] ViewLocator: Creating instance of IHECLibrary.Views.LibraryView
[2025-04-28 21:06:11.695] ViewLocator: Looking for view IHECLibrary.Views.HomeView for ViewModel IHECLibrary.ViewModels.HomeViewModel
[2025-04-28 21:06:11.696] ViewLocator: Creating instance of IHECLibrary.Views.HomeView
[2025-04-28 21:20:23.242] Application IHEC Library démarrée
[2025-04-28 21:20:23.802] Creating MainWindow
[2025-04-28 21:20:23.978] Setting up navigation service
[2025-04-28 21:20:24.012] Application started successfully
[2025-04-28 21:20:24.103] ViewLocator: Looking for view IHECLibrary.Views.LoginView for ViewModel IHECLibrary.ViewModels.LoginViewModel
[2025-04-28 21:20:24.104] ViewLocator: Creating instance of IHECLibrary.Views.LoginView
[2025-04-28 21:21:56.124] ViewLocator: Looking for view IHECLibrary.Views.HomeView for ViewModel IHECLibrary.ViewModels.HomeViewModel
[2025-04-28 21:21:56.125] ViewLocator: Creating instance of IHECLibrary.Views.HomeView
[2025-04-28 21:25:32.292] ViewLocator: Looking for view IHECLibrary.Views.ChatbotView for ViewModel IHECLibrary.ViewModels.ChatbotViewModel
[2025-04-28 21:25:32.293] ViewLocator: Creating instance of IHECLibrary.Views.ChatbotView
[2025-04-28 21:25:33.044] ViewLocator: Looking for view IHECLibrary.Views.LibraryView for ViewModel IHECLibrary.ViewModels.LibraryViewModel
[2025-04-28 21:25:33.045] ViewLocator: Creating instance of IHECLibrary.Views.LibraryView
[2025-04-28 21:25:33.539] ViewLocator: Looking for view IHECLibrary.Views.HomeView for ViewModel IHECLibrary.ViewModels.HomeViewModel
[2025-04-28 21:25:33.541] ViewLocator: Creating instance of IHECLibrary.Views.HomeView
[2025-04-28 21:25:42.785] ViewLocator: Looking for view IHECLibrary.Views.LibraryView for ViewModel IHECLibrary.ViewModels.LibraryViewModel
[2025-04-28 21:25:42.785] ViewLocator: Creating instance of IHECLibrary.Views.LibraryView
[2025-04-28 21:26:52.837] ViewLocator: Looking for view IHECLibrary.Views.ProfileView for ViewModel IHECLibrary.ViewModels.ProfileViewModel
[2025-04-28 21:26:52.838] ViewLocator: Creating instance of IHECLibrary.Views.ProfileView
[2025-04-28 21:29:40.714] ViewLocator: Looking for view IHECLibrary.Views.HomeView for ViewModel IHECLibrary.ViewModels.HomeViewModel
[2025-04-28 21:29:40.715] ViewLocator: Creating instance of IHECLibrary.Views.HomeView
[2025-04-28 21:29:47.920] ViewLocator: Looking for view IHECLibrary.Views.LibraryView for ViewModel IHECLibrary.ViewModels.LibraryViewModel
[2025-04-28 21:29:47.921] ViewLocator: Creating instance of IHECLibrary.Views.LibraryView
[2025-04-28 21:31:46.862] ViewLocator: Looking for view IHECLibrary.Views.HomeView for ViewModel IHECLibrary.ViewModels.HomeViewModel
[2025-04-28 21:31:46.863] ViewLocator: Creating instance of IHECLibrary.Views.HomeView
[2025-04-28 21:31:57.932] ViewLocator: Looking for view IHECLibrary.Views.LibraryView for ViewModel IHECLibrary.ViewModels.LibraryViewModel
[2025-04-28 21:31:57.932] ViewLocator: Creating instance of IHECLibrary.Views.LibraryView
[2025-04-28 21:31:58.761] ViewLocator: Looking for view IHECLibrary.Views.ChatbotView for ViewModel IHECLibrary.ViewModels.ChatbotViewModel
[2025-04-28 21:31:58.762] ViewLocator: Creating instance of IHECLibrary.Views.ChatbotView
[2025-04-28 21:31:59.631] ViewLocator: Looking for view IHECLibrary.Views.ProfileView for ViewModel IHECLibrary.ViewModels.ProfileViewModel
[2025-04-28 21:31:59.632] ViewLocator: Creating instance of IHECLibrary.Views.ProfileView
[2025-04-28 21:32:01.936] ViewLocator: Looking for view IHECLibrary.Views.HomeView for ViewModel IHECLibrary.ViewModels.HomeViewModel
[2025-04-28 21:32:01.937] ViewLocator: Creating instance of IHECLibrary.Views.HomeView
[2025-04-28 21:34:41.757] Application IHEC Library démarrée
[2025-04-28 21:34:42.637] Creating MainWindow
[2025-04-28 21:34:42.876] Setting up navigation service
[2025-04-28 21:34:42.923] Application started successfully
[2025-04-28 21:34:43.056] ViewLocator: Looking for view IHECLibrary.Views.LoginView for ViewModel IHECLibrary.ViewModels.LoginViewModel
[2025-04-28 21:34:43.057] ViewLocator: Creating instance of IHECLibrary.Views.LoginView
[2025-04-28 21:35:33.239] ViewLocator: Looking for view IHECLibrary.Views.HomeView for ViewModel IHECLibrary.ViewModels.HomeViewModel
[2025-04-28 21:35:33.240] ViewLocator: Creating instance of IHECLibrary.Views.HomeView
[2025-04-28 21:35:40.579] ViewLocator: Looking for view IHECLibrary.Views.ProfileView for ViewModel IHECLibrary.ViewModels.ProfileViewModel
[2025-04-28 21:35:40.581] ViewLocator: Creating instance of IHECLibrary.Views.ProfileView
[2025-04-28 21:37:11.942] ViewLocator: Looking for view IHECLibrary.Views.HomeView for ViewModel IHECLibrary.ViewModels.HomeViewModel
[2025-04-28 21:37:11.943] ViewLocator: Creating instance of IHECLibrary.Views.HomeView
[2025-04-28 21:39:34.046] ViewLocator: Looking for view IHECLibrary.Views.LibraryView for ViewModel IHECLibrary.ViewModels.LibraryViewModel
[2025-04-28 21:39:34.047] ViewLocator: Creating instance of IHECLibrary.Views.LibraryView
[2025-04-28 21:39:42.115] ViewLocator: Looking for view IHECLibrary.Views.ChatbotView for ViewModel IHECLibrary.ViewModels.ChatbotViewModel
[2025-04-28 21:39:42.116] ViewLocator: Creating instance of IHECLibrary.Views.ChatbotView
[2025-04-28 21:39:46.468] ViewLocator: Looking for view IHECLibrary.Views.ProfileView for ViewModel IHECLibrary.ViewModels.ProfileViewModel
[2025-04-28 21:39:46.469] ViewLocator: Creating instance of IHECLibrary.Views.ProfileView
[2025-04-28 21:40:08.349] ViewLocator: Looking for view IHECLibrary.Views.HomeView for ViewModel IHECLibrary.ViewModels.HomeViewModel
[2025-04-28 21:40:08.351] ViewLocator: Creating instance of IHECLibrary.Views.HomeView
[2025-04-28 21:40:17.067] ViewLocator: Looking for view IHECLibrary.Views.LibraryView for ViewModel IHECLibrary.ViewModels.LibraryViewModel
[2025-04-28 21:40:17.068] ViewLocator: Creating instance of IHECLibrary.Views.LibraryView
[2025-04-28 21:40:19.434] ViewLocator: Looking for view IHECLibrary.Views.HomeView for ViewModel IHECLibrary.ViewModels.HomeViewModel
[2025-04-28 21:40:19.434] ViewLocator: Creating instance of IHECLibrary.Views.HomeView
[2025-04-28 21:40:34.959] ViewLocator: Looking for view IHECLibrary.Views.ProfileView for ViewModel IHECLibrary.ViewModels.ProfileViewModel
[2025-04-28 21:40:34.960] ViewLocator: Creating instance of IHECLibrary.Views.ProfileView
[2025-04-28 21:49:13.351] Application IHEC Library démarrée
[2025-04-28 21:49:14.214] Creating MainWindow
[2025-04-28 21:49:14.458] Setting up navigation service
[2025-04-28 21:49:14.505] Application started successfully
[2025-04-28 21:49:14.634] ViewLocator: Looking for view IHECLibrary.Views.LoginView for ViewModel IHECLibrary.ViewModels.LoginViewModel
[2025-04-28 21:49:14.635] ViewLocator: Creating instance of IHECLibrary.Views.LoginView
[2025-04-28 21:49:33.994] ViewLocator: Looking for view IHECLibrary.Views.HomeView for ViewModel IHECLibrary.ViewModels.HomeViewModel
[2025-04-28 21:49:33.995] ViewLocator: Creating instance of IHECLibrary.Views.HomeView
[2025-04-28 21:49:38.822] ViewLocator: Looking for view IHECLibrary.Views.ProfileView for ViewModel IHECLibrary.ViewModels.ProfileViewModel
[2025-04-28 21:49:38.823] ViewLocator: Creating instance of IHECLibrary.Views.ProfileView
[2025-04-28 21:49:38.919] ViewLocator: Looking for view IHECLibrary.Views.LoginView for ViewModel IHECLibrary.ViewModels.LoginViewModel
[2025-04-28 21:49:38.920] ViewLocator: Creating instance of IHECLibrary.Views.LoginView
[2025-04-28 21:49:48.809] ViewLocator: Looking for view IHECLibrary.Views.HomeView for ViewModel IHECLibrary.ViewModels.HomeViewModel
[2025-04-28 21:49:48.810] ViewLocator: Creating instance of IHECLibrary.Views.HomeView
[2025-04-28 21:49:50.394] ViewLocator: Looking for view IHECLibrary.Views.ProfileView for ViewModel IHECLibrary.ViewModels.ProfileViewModel
[2025-04-28 21:49:50.395] ViewLocator: Creating instance of IHECLibrary.Views.ProfileView
[2025-04-28 21:49:50.475] ViewLocator: Looking for view IHECLibrary.Views.LoginView for ViewModel IHECLibrary.ViewModels.LoginViewModel
[2025-04-28 21:49:50.476] ViewLocator: Creating instance of IHECLibrary.Views.LoginView
[2025-04-28 21:59:06.493] Application IHEC Library démarrée
[2025-04-28 21:59:07.630] Creating MainWindow
[2025-04-28 21:59:08.013] Setting up navigation service
[2025-04-28 21:59:08.063] Application started successfully
[2025-04-28 21:59:08.225] ViewLocator: Looking for view IHECLibrary.Views.LoginView for ViewModel IHECLibrary.ViewModels.LoginViewModel
[2025-04-28 21:59:08.227] ViewLocator: Creating instance of IHECLibrary.Views.LoginView
[2025-04-28 21:59:28.306] ViewLocator: Looking for view IHECLibrary.Views.HomeView for ViewModel IHECLibrary.ViewModels.HomeViewModel
[2025-04-28 21:59:28.308] ViewLocator: Creating instance of IHECLibrary.Views.HomeView
[2025-04-28 21:59:29.891] ViewLocator: Looking for view IHECLibrary.Views.ProfileView for ViewModel IHECLibrary.ViewModels.ProfileViewModel
[2025-04-28 21:59:29.893] ViewLocator: Creating instance of IHECLibrary.Views.ProfileView
[2025-04-28 22:15:58.127] Application IHEC Library démarrée
[2025-04-28 22:15:58.726] Creating MainWindow
[2025-04-28 22:15:58.904] Setting up navigation service
[2025-04-28 22:15:58.936] Application started successfully
[2025-04-28 22:15:59.029] ViewLocator: Looking for view IHECLibrary.Views.LoginView for ViewModel IHECLibrary.ViewModels.LoginViewModel
[2025-04-28 22:15:59.029] ViewLocator: Creating instance of IHECLibrary.Views.LoginView
[2025-04-28 22:16:41.768] ViewLocator: Looking for view IHECLibrary.Views.HomeView for ViewModel IHECLibrary.ViewModels.HomeViewModel
[2025-04-28 22:16:41.770] ViewLocator: Creating instance of IHECLibrary.Views.HomeView
[2025-04-28 22:17:07.432] ViewLocator: Looking for view IHECLibrary.Views.ProfileView for ViewModel IHECLibrary.ViewModels.ProfileViewModel
[2025-04-28 22:17:07.434] ViewLocator: Creating instance of IHECLibrary.Views.ProfileView
[2025-04-28 22:20:32.095] ViewLocator: Looking for view IHECLibrary.Views.LoginView for ViewModel IHECLibrary.ViewModels.LoginViewModel
[2025-04-28 22:20:32.096] ViewLocator: Creating instance of IHECLibrary.Views.LoginView
[2025-04-28 22:21:59.024] ViewLocator: Looking for view IHECLibrary.Views.HomeView for ViewModel IHECLibrary.ViewModels.HomeViewModel
[2025-04-28 22:21:59.024] ViewLocator: Creating instance of IHECLibrary.Views.HomeView
[2025-04-28 22:22:06.768] ViewLocator: Looking for view IHECLibrary.Views.ProfileView for ViewModel IHECLibrary.ViewModels.ProfileViewModel
[2025-04-28 22:22:06.768] ViewLocator: Creating instance of IHECLibrary.Views.ProfileView
[2025-04-28 22:26:22.432] Application IHEC Library démarrée
[2025-04-28 22:26:22.970] Creating MainWindow
[2025-04-28 22:26:23.147] Setting up navigation service
[2025-04-28 22:26:23.194] Application started successfully
[2025-04-28 22:26:23.298] ViewLocator: Looking for view IHECLibrary.Views.LoginView for ViewModel IHECLibrary.ViewModels.LoginViewModel
[2025-04-28 22:26:23.299] ViewLocator: Creating instance of IHECLibrary.Views.LoginView
[2025-04-28 22:26:42.564] ViewLocator: Looking for view IHECLibrary.Views.HomeView for ViewModel IHECLibrary.ViewModels.HomeViewModel
[2025-04-28 22:26:42.564] ViewLocator: Creating instance of IHECLibrary.Views.HomeView
[2025-04-28 22:26:44.790] ViewLocator: Looking for view IHECLibrary.Views.ProfileView for ViewModel IHECLibrary.ViewModels.ProfileViewModel
[2025-04-28 22:26:44.790] ViewLocator: Creating instance of IHECLibrary.Views.ProfileView
[2025-04-28 22:40:11.207] Application IHEC Library démarrée
[2025-04-28 22:40:11.876] Creating MainWindow
[2025-04-28 22:40:12.075] Setting up navigation service
[2025-04-28 22:40:12.113] Application started successfully
[2025-04-28 22:40:12.221] ViewLocator: Looking for view IHECLibrary.Views.LoginView for ViewModel IHECLibrary.ViewModels.LoginViewModel
[2025-04-28 22:40:12.222] ViewLocator: Creating instance of IHECLibrary.Views.LoginView
[2025-04-28 22:40:52.926] ViewLocator: Looking for view IHECLibrary.Views.HomeView for ViewModel IHECLibrary.ViewModels.HomeViewModel
[2025-04-28 22:40:52.927] ViewLocator: Creating instance of IHECLibrary.Views.HomeView
[2025-04-28 22:40:54.826] ViewLocator: Looking for view IHECLibrary.Views.ProfileView for ViewModel IHECLibrary.ViewModels.ProfileViewModel
[2025-04-28 22:40:54.827] ViewLocator: Creating instance of IHECLibrary.Views.ProfileView
[2025-04-28 22:41:09.757] ViewLocator: Looking for view IHECLibrary.Views.ChatbotView for ViewModel IHECLibrary.ViewModels.ChatbotViewModel
[2025-04-28 22:41:09.758] ViewLocator: Creating instance of IHECLibrary.Views.ChatbotView
[2025-04-28 22:41:11.407] ViewLocator: Looking for view IHECLibrary.Views.LibraryView for ViewModel IHECLibrary.ViewModels.LibraryViewModel
[2025-04-28 22:41:11.408] ViewLocator: Creating instance of IHECLibrary.Views.LibraryView
[2025-04-28 22:41:11.958] ViewLocator: Looking for view IHECLibrary.Views.HomeView for ViewModel IHECLibrary.ViewModels.HomeViewModel
[2025-04-28 22:41:11.959] ViewLocator: Creating instance of IHECLibrary.Views.HomeView
[2025-04-28 22:45:36.978] Application IHEC Library démarrée
[2025-04-28 22:45:37.676] Creating MainWindow
[2025-04-28 22:45:37.862] Setting up navigation service
[2025-04-28 22:45:37.895] Application started successfully
[2025-04-28 22:45:37.998] ViewLocator: Looking for view IHECLibrary.Views.LoginView for ViewModel IHECLibrary.ViewModels.LoginViewModel
[2025-04-28 22:45:37.998] ViewLocator: Creating instance of IHECLibrary.Views.LoginView
[2025-04-28 22:46:05.818] ViewLocator: Looking for view IHECLibrary.Views.HomeView for ViewModel IHECLibrary.ViewModels.HomeViewModel
[2025-04-28 22:46:05.819] ViewLocator: Creating instance of IHECLibrary.Views.HomeView
[2025-04-28 22:46:07.669] ViewLocator: Looking for view IHECLibrary.Views.ProfileView for ViewModel IHECLibrary.ViewModels.ProfileViewModel
[2025-04-28 22:46:07.670] ViewLocator: Creating instance of IHECLibrary.Views.ProfileView
[2025-04-28 22:54:40.659] Application IHEC Library démarrée
[2025-04-28 22:54:41.259] Creating MainWindow
[2025-04-28 22:54:41.425] Setting up navigation service
[2025-04-28 22:54:41.457] Application started successfully
[2025-04-28 22:54:41.549] ViewLocator: Looking for view IHECLibrary.Views.LoginView for ViewModel IHECLibrary.ViewModels.LoginViewModel
[2025-04-28 22:54:41.549] ViewLocator: Creating instance of IHECLibrary.Views.LoginView
[2025-04-28 22:55:51.916] ViewLocator: Looking for view IHECLibrary.Views.HomeView for ViewModel IHECLibrary.ViewModels.HomeViewModel
[2025-04-28 22:55:51.917] ViewLocator: Creating instance of IHECLibrary.Views.HomeView
[2025-04-28 22:55:53.916] ViewLocator: Looking for view IHECLibrary.Views.ProfileView for ViewModel IHECLibrary.ViewModels.ProfileViewModel
[2025-04-28 22:55:53.917] ViewLocator: Creating instance of IHECLibrary.Views.ProfileView
[2025-04-28 22:56:40.893] ViewLocator: Looking for view IHECLibrary.Views.HomeView for ViewModel IHECLibrary.ViewModels.HomeViewModel
[2025-04-28 22:56:40.894] ViewLocator: Creating instance of IHECLibrary.Views.HomeView
[2025-04-28 22:56:47.078] ViewLocator: Looking for view IHECLibrary.Views.LibraryView for ViewModel IHECLibrary.ViewModels.LibraryViewModel
[2025-04-28 22:56:47.079] ViewLocator: Creating instance of IHECLibrary.Views.LibraryView
[2025-04-28 22:57:05.459] ViewLocator: Looking for view IHECLibrary.Views.HomeView for ViewModel IHECLibrary.ViewModels.HomeViewModel
[2025-04-28 22:57:05.459] ViewLocator: Creating instance of IHECLibrary.Views.HomeView
[2025-04-28 22:57:13.098] ViewLocator: Looking for view IHECLibrary.Views.LibraryView for ViewModel IHECLibrary.ViewModels.LibraryViewModel
[2025-04-28 22:57:13.099] ViewLocator: Creating instance of IHECLibrary.Views.LibraryView
[2025-04-28 22:57:29.787] ViewLocator: Looking for view IHECLibrary.Views.ChatbotView for ViewModel IHECLibrary.ViewModels.ChatbotViewModel
[2025-04-28 22:57:29.788] ViewLocator: Creating instance of IHECLibrary.Views.ChatbotView
[2025-04-28 22:58:00.036] ViewLocator: Looking for view IHECLibrary.Views.ProfileView for ViewModel IHECLibrary.ViewModels.ProfileViewModel
[2025-04-28 22:58:00.036] ViewLocator: Creating instance of IHECLibrary.Views.ProfileView
[2025-04-28 22:58:13.854] ViewLocator: Looking for view IHECLibrary.Views.ChatbotView for ViewModel IHECLibrary.ViewModels.ChatbotViewModel
[2025-04-28 22:58:13.854] ViewLocator: Creating instance of IHECLibrary.Views.ChatbotView
[2025-04-28 22:58:17.863] ViewLocator: Looking for view IHECLibrary.Views.LibraryView for ViewModel IHECLibrary.ViewModels.LibraryViewModel
[2025-04-28 22:58:17.863] ViewLocator: Creating instance of IHECLibrary.Views.LibraryView
[2025-04-28 22:58:18.704] ViewLocator: Looking for view IHECLibrary.Views.ChatbotView for ViewModel IHECLibrary.ViewModels.ChatbotViewModel
[2025-04-28 22:58:18.704] ViewLocator: Creating instance of IHECLibrary.Views.ChatbotView
[2025-04-28 22:58:20.306] ViewLocator: Looking for view IHECLibrary.Views.LibraryView for ViewModel IHECLibrary.ViewModels.LibraryViewModel
[2025-04-28 22:58:20.307] ViewLocator: Creating instance of IHECLibrary.Views.LibraryView
[2025-04-28 22:58:26.335] ViewLocator: Looking for view IHECLibrary.Views.HomeView for ViewModel IHECLibrary.ViewModels.HomeViewModel
[2025-04-28 22:58:26.336] ViewLocator: Creating instance of IHECLibrary.Views.HomeView
[2025-04-28 22:58:31.922] ViewLocator: Looking for view IHECLibrary.Views.LibraryView for ViewModel IHECLibrary.ViewModels.LibraryViewModel
[2025-04-28 22:58:31.923] ViewLocator: Creating instance of IHECLibrary.Views.LibraryView
[2025-04-28 22:58:39.599] ViewLocator: Looking for view IHECLibrary.Views.ProfileView for ViewModel IHECLibrary.ViewModels.ProfileViewModel
[2025-04-28 22:58:39.599] ViewLocator: Creating instance of IHECLibrary.Views.ProfileView
[2025-04-28 22:59:40.418] ViewLocator: Looking for view IHECLibrary.Views.LoginView for ViewModel IHECLibrary.ViewModels.LoginViewModel
[2025-04-28 22:59:40.418] ViewLocator: Creating instance of IHECLibrary.Views.LoginView
[2025-04-28 23:00:23.155] ViewLocator: Looking for view IHECLibrary.Views.RegisterView for ViewModel IHECLibrary.ViewModels.RegisterViewModel
[2025-04-28 23:00:23.156] ViewLocator: Creating instance of IHECLibrary.Views.RegisterView
[2025-04-28 23:00:41.741] ViewLocator: Looking for view IHECLibrary.Views.LoginView for ViewModel IHECLibrary.ViewModels.LoginViewModel
[2025-04-28 23:00:41.742] ViewLocator: Creating instance of IHECLibrary.Views.LoginView
[2025-04-28 23:00:44.801] ViewLocator: Looking for view IHECLibrary.Views.AdminLoginView for ViewModel IHECLibrary.ViewModels.AdminLoginViewModel
[2025-04-28 23:00:44.802] ViewLocator: Creating instance of IHECLibrary.Views.AdminLoginView
[2025-04-28 23:00:53.506] ViewLocator: Looking for view IHECLibrary.Views.AdminRegisterView for ViewModel IHECLibrary.ViewModels.AdminRegisterViewModel
[2025-04-28 23:00:53.506] ViewLocator: Creating instance of IHECLibrary.Views.AdminRegisterView
[2025-04-28 23:00:53.510] ViewLocator: TargetInvocationException occurred: Exception has been thrown by the target of an invocation.
[2025-04-28 23:00:53.511] ViewLocator: Inner exception: The resource /Assets/admin_laptop.png could not be found.
[2025-04-28 23:00:53.558] ViewLocator: Inner exception stack trace:    at Avalonia.Platform.StandardAssetLoader.OpenAndGetAssembly(Uri uri, Uri baseUri)
   at Avalonia.Platform.StandardAssetLoader.Open(Uri uri, Uri baseUri)
   at Avalonia.Markup.Xaml.Converters.BitmapTypeConverter.ConvertFrom(ITypeDescriptorContext context, CultureInfo culture, Object value)
   at IHECLibrary.Views.AdminRegisterView.!XamlIlPopulate(IServiceProvider , AdminRegisterView ) in C:\Users\GIGABYTE\Desktop\ihec_library-\src\IHECLibrary\Views/AdminRegisterView.axaml:line 22
   at IHECLibrary.Views.AdminRegisterView.!XamlIlPopulateTrampoline(AdminRegisterView ) in C:\Users\GIGABYTE\Desktop\ihec_library-\src\IHECLibrary\Views/AdminRegisterView.axaml:line 0
   at IHECLibrary.Views.AdminRegisterView.InitializeComponent() in C:\Users\GIGABYTE\Desktop\ihec_library-\src\IHECLibrary\Views\AdminRegisterView.axaml.cs:line 15
   at IHECLibrary.Views.AdminRegisterView..ctor() in C:\Users\GIGABYTE\Desktop\ihec_library-\src\IHECLibrary\Views\AdminRegisterView.axaml.cs:line 10
   at System.RuntimeType.CreateInstanceDefaultCtor(Boolean publicOnly, Boolean wrapExceptions)
[2025-04-28 23:00:53.560] EXCEPTION dans Erreur lors de la création de la vue: IHECLibrary.Views.AdminRegisterView: Error in view initialization: The resource /Assets/admin_laptop.png could not be found.
   at IHECLibrary.ViewLocator.Build(Object param) in C:\Users\GIGABYTE\Desktop\ihec_library-\src\IHECLibrary\ViewLocator.cs:line 58
Inner Exception: The resource /Assets/admin_laptop.png could not be found.
   at Avalonia.Platform.StandardAssetLoader.OpenAndGetAssembly(Uri uri, Uri baseUri)
   at Avalonia.Platform.StandardAssetLoader.Open(Uri uri, Uri baseUri)
   at Avalonia.Markup.Xaml.Converters.BitmapTypeConverter.ConvertFrom(ITypeDescriptorContext context, CultureInfo culture, Object value)
   at IHECLibrary.Views.AdminRegisterView.!XamlIlPopulate(IServiceProvider , AdminRegisterView ) in C:\Users\GIGABYTE\Desktop\ihec_library-\src\IHECLibrary\Views/AdminRegisterView.axaml:line 22
   at IHECLibrary.Views.AdminRegisterView.!XamlIlPopulateTrampoline(AdminRegisterView ) in C:\Users\GIGABYTE\Desktop\ihec_library-\src\IHECLibrary\Views/AdminRegisterView.axaml:line 0
   at IHECLibrary.Views.AdminRegisterView.InitializeComponent() in C:\Users\GIGABYTE\Desktop\ihec_library-\src\IHECLibrary\Views\AdminRegisterView.axaml.cs:line 15
   at IHECLibrary.Views.AdminRegisterView..ctor() in C:\Users\GIGABYTE\Desktop\ihec_library-\src\IHECLibrary\Views\AdminRegisterView.axaml.cs:line 10
   at System.RuntimeType.CreateInstanceDefaultCtor(Boolean publicOnly, Boolean wrapExceptions)
[2025-04-28 23:00:53.562] Inner Exception in view IHECLibrary.Views.AdminRegisterView: The resource /Assets/admin_laptop.png could not be found.
[2025-04-28 23:11:42.300] Application IHEC Library démarrée
[2025-04-28 23:11:42.873] Creating MainWindow
[2025-04-28 23:11:43.042] Setting up navigation service
[2025-04-28 23:11:43.076] Application started successfully
[2025-04-28 23:11:43.168] ViewLocator: Looking for view IHECLibrary.Views.LoginView for ViewModel IHECLibrary.ViewModels.LoginViewModel
[2025-04-28 23:11:43.169] ViewLocator: Creating instance of IHECLibrary.Views.LoginView
[2025-04-28 23:12:15.355] ViewLocator: Looking for view IHECLibrary.Views.HomeView for ViewModel IHECLibrary.ViewModels.HomeViewModel
[2025-04-28 23:12:15.355] ViewLocator: Creating instance of IHECLibrary.Views.HomeView
[2025-04-28 23:12:17.810] ViewLocator: Looking for view IHECLibrary.Views.ProfileView for ViewModel IHECLibrary.ViewModels.ProfileViewModel
[2025-04-28 23:12:17.810] ViewLocator: Creating instance of IHECLibrary.Views.ProfileView
[2025-04-28 23:13:44.245] ViewLocator: Looking for view IHECLibrary.Views.LoginView for ViewModel IHECLibrary.ViewModels.LoginViewModel
[2025-04-28 23:13:44.247] ViewLocator: Creating instance of IHECLibrary.Views.LoginView
[2025-04-28 23:14:07.440] ViewLocator: Looking for view IHECLibrary.Views.HomeView for ViewModel IHECLibrary.ViewModels.HomeViewModel
[2025-04-28 23:14:07.441] ViewLocator: Creating instance of IHECLibrary.Views.HomeView
[2025-04-28 23:15:09.224] ViewLocator: Looking for view IHECLibrary.Views.ProfileView for ViewModel IHECLibrary.ViewModels.ProfileViewModel
[2025-04-28 23:15:09.225] ViewLocator: Creating instance of IHECLibrary.Views.ProfileView
[2025-04-28 23:29:15.949] ViewLocator: Looking for view IHECLibrary.Views.HomeView for ViewModel IHECLibrary.ViewModels.HomeViewModel
[2025-04-28 23:29:15.950] ViewLocator: Creating instance of IHECLibrary.Views.HomeView
[2025-04-28 23:29:18.465] ViewLocator: Looking for view IHECLibrary.Views.LibraryView for ViewModel IHECLibrary.ViewModels.LibraryViewModel
[2025-04-28 23:29:18.465] ViewLocator: Creating instance of IHECLibrary.Views.LibraryView
[2025-04-28 23:29:22.305] ViewLocator: Looking for view IHECLibrary.Views.ProfileView for ViewModel IHECLibrary.ViewModels.ProfileViewModel
[2025-04-28 23:29:22.306] ViewLocator: Creating instance of IHECLibrary.Views.ProfileView
[2025-04-28 23:29:24.691] ViewLocator: Looking for view IHECLibrary.Views.LoginView for ViewModel IHECLibrary.ViewModels.LoginViewModel
[2025-04-28 23:29:24.692] ViewLocator: Creating instance of IHECLibrary.Views.LoginView
[2025-04-28 23:39:55.394] Application IHEC Library démarrée
[2025-04-28 23:39:55.871] Creating MainWindow
[2025-04-28 23:39:56.037] Setting up navigation service
[2025-04-28 23:39:56.070] Application started successfully
[2025-04-28 23:39:56.162] ViewLocator: Looking for view IHECLibrary.Views.LoginView for ViewModel IHECLibrary.ViewModels.LoginViewModel
[2025-04-28 23:39:56.163] ViewLocator: Creating instance of IHECLibrary.Views.LoginView
[2025-04-28 23:40:28.669] ViewLocator: Looking for view IHECLibrary.Views.HomeView for ViewModel IHECLibrary.ViewModels.HomeViewModel
[2025-04-28 23:40:28.670] ViewLocator: Creating instance of IHECLibrary.Views.HomeView
[2025-04-28 23:40:30.594] ViewLocator: Looking for view IHECLibrary.Views.ProfileView for ViewModel IHECLibrary.ViewModels.ProfileViewModel
[2025-04-28 23:40:30.595] ViewLocator: Creating instance of IHECLibrary.Views.ProfileView
[2025-04-28 23:50:10.163] Application IHEC Library démarrée
[2025-04-28 23:50:10.658] Creating MainWindow
[2025-04-28 23:50:10.915] Setting up navigation service
[2025-04-28 23:50:10.953] Application started successfully
[2025-04-28 23:50:11.093] ViewLocator: Looking for view IHECLibrary.Views.LoginView for ViewModel IHECLibrary.ViewModels.LoginViewModel
[2025-04-28 23:50:11.094] ViewLocator: Creating instance of IHECLibrary.Views.LoginView
[2025-04-28 23:50:46.018] ViewLocator: Looking for view IHECLibrary.Views.HomeView for ViewModel IHECLibrary.ViewModels.HomeViewModel
[2025-04-28 23:50:46.019] ViewLocator: Creating instance of IHECLibrary.Views.HomeView
[2025-04-28 23:50:49.168] ViewLocator: Looking for view IHECLibrary.Views.ProfileView for ViewModel IHECLibrary.ViewModels.ProfileViewModel
[2025-04-28 23:50:49.169] ViewLocator: Creating instance of IHECLibrary.Views.ProfileView
[2025-04-28 23:51:01.268] ViewLocator: Looking for view IHECLibrary.Views.LoginView for ViewModel IHECLibrary.ViewModels.LoginViewModel
[2025-04-28 23:51:01.270] ViewLocator: Creating instance of IHECLibrary.Views.LoginView
[2025-04-28 23:54:06.525] Application IHEC Library démarrée
[2025-04-28 23:54:06.990] Creating MainWindow
[2025-04-28 23:54:07.163] Setting up navigation service
[2025-04-28 23:54:07.196] Application started successfully
[2025-04-28 23:54:07.288] ViewLocator: Looking for view IHECLibrary.Views.LoginView for ViewModel IHECLibrary.ViewModels.LoginViewModel
[2025-04-28 23:54:07.288] ViewLocator: Creating instance of IHECLibrary.Views.LoginView
[2025-04-28 23:54:33.971] ViewLocator: Looking for view IHECLibrary.Views.HomeView for ViewModel IHECLibrary.ViewModels.HomeViewModel
[2025-04-28 23:54:33.973] ViewLocator: Creating instance of IHECLibrary.Views.HomeView
[2025-04-28 23:54:46.676] ViewLocator: Looking for view IHECLibrary.Views.ProfileView for ViewModel IHECLibrary.ViewModels.ProfileViewModel
[2025-04-28 23:54:46.677] ViewLocator: Creating instance of IHECLibrary.Views.ProfileView
[2025-04-29 00:02:42.564] Application IHEC Library démarrée
[2025-04-29 00:02:42.985] Creating MainWindow
[2025-04-29 00:02:43.165] Setting up navigation service
[2025-04-29 00:02:43.203] Application started successfully
[2025-04-29 00:02:43.300] ViewLocator: Looking for view IHECLibrary.Views.LoginView for ViewModel IHECLibrary.ViewModels.LoginViewModel
[2025-04-29 00:02:43.301] ViewLocator: Creating instance of IHECLibrary.Views.LoginView
[2025-04-29 00:03:02.624] ViewLocator: Looking for view IHECLibrary.Views.HomeView for ViewModel IHECLibrary.ViewModels.HomeViewModel
[2025-04-29 00:03:02.624] ViewLocator: Creating instance of IHECLibrary.Views.HomeView
[2025-04-29 00:03:04.039] ViewLocator: Looking for view IHECLibrary.Views.ProfileView for ViewModel IHECLibrary.ViewModels.ProfileViewModel
[2025-04-29 00:03:04.040] ViewLocator: Creating instance of IHECLibrary.Views.ProfileView
[2025-04-29 00:06:37.678] Application IHEC Library démarrée
[2025-04-29 00:06:38.212] Creating MainWindow
[2025-04-29 00:06:38.405] Setting up navigation service
[2025-04-29 00:06:38.440] Application started successfully
[2025-04-29 00:06:38.550] ViewLocator: Looking for view IHECLibrary.Views.LoginView for ViewModel IHECLibrary.ViewModels.LoginViewModel
[2025-04-29 00:06:38.551] ViewLocator: Creating instance of IHECLibrary.Views.LoginView
[2025-04-29 00:06:48.696] ViewLocator: Looking for view IHECLibrary.Views.HomeView for ViewModel IHECLibrary.ViewModels.HomeViewModel
[2025-04-29 00:06:48.697] ViewLocator: Creating instance of IHECLibrary.Views.HomeView
[2025-04-29 00:06:50.545] ViewLocator: Looking for view IHECLibrary.Views.ProfileView for ViewModel IHECLibrary.ViewModels.ProfileViewModel
[2025-04-29 00:06:50.546] ViewLocator: Creating instance of IHECLibrary.Views.ProfileView
[2025-04-29 00:07:14.305] ViewLocator: Looking for view IHECLibrary.Views.HomeView for ViewModel IHECLibrary.ViewModels.HomeViewModel
[2025-04-29 00:07:14.306] ViewLocator: Creating instance of IHECLibrary.Views.HomeView
[2025-04-29 00:08:04.696] ViewLocator: Looking for view IHECLibrary.Views.ProfileView for ViewModel IHECLibrary.ViewModels.ProfileViewModel
[2025-04-29 00:08:04.696] ViewLocator: Creating instance of IHECLibrary.Views.ProfileView
[2025-04-29 00:08:57.831] ViewLocator: Looking for view IHECLibrary.Views.LibraryView for ViewModel IHECLibrary.ViewModels.LibraryViewModel
[2025-04-29 00:08:57.832] ViewLocator: Creating instance of IHECLibrary.Views.LibraryView
[2025-04-29 00:09:01.413] ViewLocator: Looking for view IHECLibrary.Views.ChatbotView for ViewModel IHECLibrary.ViewModels.ChatbotViewModel
[2025-04-29 00:09:01.414] ViewLocator: Creating instance of IHECLibrary.Views.ChatbotView
[2025-04-29 00:09:35.359] ViewLocator: Looking for view IHECLibrary.Views.ProfileView for ViewModel IHECLibrary.ViewModels.ProfileViewModel
[2025-04-29 00:09:35.360] ViewLocator: Creating instance of IHECLibrary.Views.ProfileView
[2025-04-29 00:09:36.609] ViewLocator: Looking for view IHECLibrary.Views.LibraryView for ViewModel IHECLibrary.ViewModels.LibraryViewModel
[2025-04-29 00:09:36.610] ViewLocator: Creating instance of IHECLibrary.Views.LibraryView
[2025-04-29 00:09:44.492] ViewLocator: Looking for view IHECLibrary.Views.HomeView for ViewModel IHECLibrary.ViewModels.HomeViewModel
[2025-04-29 00:09:44.493] ViewLocator: Creating instance of IHECLibrary.Views.HomeView
[2025-04-29 00:09:46.986] ViewLocator: Looking for view IHECLibrary.Views.ProfileView for ViewModel IHECLibrary.ViewModels.ProfileViewModel
[2025-04-29 00:09:46.986] ViewLocator: Creating instance of IHECLibrary.Views.ProfileView
[2025-04-29 00:09:48.987] ViewLocator: Looking for view IHECLibrary.Views.LoginView for ViewModel IHECLibrary.ViewModels.LoginViewModel
[2025-04-29 00:09:48.987] ViewLocator: Creating instance of IHECLibrary.Views.LoginView
[2025-04-29 00:09:55.620] ViewLocator: Looking for view IHECLibrary.Views.RegisterView for ViewModel IHECLibrary.ViewModels.RegisterViewModel
[2025-04-29 00:09:55.620] ViewLocator: Creating instance of IHECLibrary.Views.RegisterView
[2025-04-29 00:09:58.876] ViewLocator: Looking for view IHECLibrary.Views.LoginView for ViewModel IHECLibrary.ViewModels.LoginViewModel
[2025-04-29 00:09:58.877] ViewLocator: Creating instance of IHECLibrary.Views.LoginView
[2025-04-29 00:10:03.654] ViewLocator: Looking for view IHECLibrary.Views.AdminLoginView for ViewModel IHECLibrary.ViewModels.AdminLoginViewModel
[2025-04-29 00:10:03.655] ViewLocator: Creating instance of IHECLibrary.Views.AdminLoginView
[2025-04-29 00:10:17.045] ViewLocator: Looking for view IHECLibrary.Views.LoginView for ViewModel IHECLibrary.ViewModels.LoginViewModel
[2025-04-29 00:10:17.045] ViewLocator: Creating instance of IHECLibrary.Views.LoginView
[2025-04-29 00:10:26.472] ViewLocator: Looking for view IHECLibrary.Views.AdminLoginView for ViewModel IHECLibrary.ViewModels.AdminLoginViewModel
[2025-04-29 00:10:26.474] ViewLocator: Creating instance of IHECLibrary.Views.AdminLoginView
[2025-04-29 00:10:33.071] ViewLocator: Looking for view IHECLibrary.Views.LoginView for ViewModel IHECLibrary.ViewModels.LoginViewModel
[2025-04-29 00:10:33.072] ViewLocator: Creating instance of IHECLibrary.Views.LoginView
[2025-04-29 00:10:39.923] ViewLocator: Looking for view IHECLibrary.Views.AdminLoginView for ViewModel IHECLibrary.ViewModels.AdminLoginViewModel
[2025-04-29 00:10:39.923] ViewLocator: Creating instance of IHECLibrary.Views.AdminLoginView
[2025-04-29 00:10:40.897] ViewLocator: Looking for view IHECLibrary.Views.AdminRegisterView for ViewModel IHECLibrary.ViewModels.AdminRegisterViewModel
[2025-04-29 00:10:40.898] ViewLocator: Creating instance of IHECLibrary.Views.AdminRegisterView
[2025-04-29 00:10:40.905] ViewLocator: TargetInvocationException occurred: Exception has been thrown by the target of an invocation.
[2025-04-29 00:10:40.905] ViewLocator: Inner exception: The resource /Assets/admin_laptop.png could not be found.
[2025-04-29 00:10:40.936] ViewLocator: Inner exception stack trace:    at Avalonia.Platform.StandardAssetLoader.OpenAndGetAssembly(Uri uri, Uri baseUri)
   at Avalonia.Platform.StandardAssetLoader.Open(Uri uri, Uri baseUri)
   at Avalonia.Markup.Xaml.Converters.BitmapTypeConverter.ConvertFrom(ITypeDescriptorContext context, CultureInfo culture, Object value)
   at IHECLibrary.Views.AdminRegisterView.!XamlIlPopulate(IServiceProvider , AdminRegisterView ) in C:\Users\GIGABYTE\Desktop\ihec_library-\src\IHECLibrary\Views/AdminRegisterView.axaml:line 22
   at IHECLibrary.Views.AdminRegisterView.!XamlIlPopulateTrampoline(AdminRegisterView ) in C:\Users\GIGABYTE\Desktop\ihec_library-\src\IHECLibrary\Views/AdminRegisterView.axaml:line 0
   at IHECLibrary.Views.AdminRegisterView.InitializeComponent() in C:\Users\GIGABYTE\Desktop\ihec_library-\src\IHECLibrary\Views\AdminRegisterView.axaml.cs:line 15
   at IHECLibrary.Views.AdminRegisterView..ctor() in C:\Users\GIGABYTE\Desktop\ihec_library-\src\IHECLibrary\Views\AdminRegisterView.axaml.cs:line 10
   at System.RuntimeType.CreateInstanceDefaultCtor(Boolean publicOnly, Boolean wrapExceptions)
[2025-04-29 00:10:40.937] EXCEPTION dans Erreur lors de la création de la vue: IHECLibrary.Views.AdminRegisterView: Error in view initialization: The resource /Assets/admin_laptop.png could not be found.
   at IHECLibrary.ViewLocator.Build(Object param) in C:\Users\GIGABYTE\Desktop\ihec_library-\src\IHECLibrary\ViewLocator.cs:line 58
Inner Exception: The resource /Assets/admin_laptop.png could not be found.
   at Avalonia.Platform.StandardAssetLoader.OpenAndGetAssembly(Uri uri, Uri baseUri)
   at Avalonia.Platform.StandardAssetLoader.Open(Uri uri, Uri baseUri)
   at Avalonia.Markup.Xaml.Converters.BitmapTypeConverter.ConvertFrom(ITypeDescriptorContext context, CultureInfo culture, Object value)
   at IHECLibrary.Views.AdminRegisterView.!XamlIlPopulate(IServiceProvider , AdminRegisterView ) in C:\Users\GIGABYTE\Desktop\ihec_library-\src\IHECLibrary\Views/AdminRegisterView.axaml:line 22
   at IHECLibrary.Views.AdminRegisterView.!XamlIlPopulateTrampoline(AdminRegisterView ) in C:\Users\GIGABYTE\Desktop\ihec_library-\src\IHECLibrary\Views/AdminRegisterView.axaml:line 0
   at IHECLibrary.Views.AdminRegisterView.InitializeComponent() in C:\Users\GIGABYTE\Desktop\ihec_library-\src\IHECLibrary\Views\AdminRegisterView.axaml.cs:line 15
   at IHECLibrary.Views.AdminRegisterView..ctor() in C:\Users\GIGABYTE\Desktop\ihec_library-\src\IHECLibrary\Views\AdminRegisterView.axaml.cs:line 10
   at System.RuntimeType.CreateInstanceDefaultCtor(Boolean publicOnly, Boolean wrapExceptions)
[2025-04-29 00:10:40.938] Inner Exception in view IHECLibrary.Views.AdminRegisterView: The resource /Assets/admin_laptop.png could not be found.
[2025-04-29 00:40:41.093] Application IHEC Library démarrée
[2025-04-29 00:40:41.508] Creating MainWindow
[2025-04-29 00:40:41.733] Setting up navigation service
[2025-04-29 00:40:41.766] Application started successfully
[2025-04-29 00:40:41.860] ViewLocator: Looking for view IHECLibrary.Views.LoginView for ViewModel IHECLibrary.ViewModels.LoginViewModel
[2025-04-29 00:40:41.860] ViewLocator: Creating instance of IHECLibrary.Views.LoginView
[2025-04-29 00:41:19.819] ViewLocator: Looking for view IHECLibrary.Views.HomeView for ViewModel IHECLibrary.ViewModels.HomeViewModel
[2025-04-29 00:41:19.819] ViewLocator: Creating instance of IHECLibrary.Views.HomeView
[2025-04-29 00:41:28.130] ViewLocator: Looking for view IHECLibrary.Views.ProfileView for ViewModel IHECLibrary.ViewModels.ProfileViewModel
[2025-04-29 00:41:28.131] ViewLocator: Creating instance of IHECLibrary.Views.ProfileView
[2025-04-29 00:41:31.583] ViewLocator: Looking for view IHECLibrary.Views.LibraryView for ViewModel IHECLibrary.ViewModels.LibraryViewModel
[2025-04-29 00:41:31.583] ViewLocator: Creating instance of IHECLibrary.Views.LibraryView
[2025-04-29 00:41:32.795] ViewLocator: Looking for view IHECLibrary.Views.HomeView for ViewModel IHECLibrary.ViewModels.HomeViewModel
[2025-04-29 00:41:32.796] ViewLocator: Creating instance of IHECLibrary.Views.HomeView
[2025-04-29 00:41:38.565] ViewLocator: Looking for view IHECLibrary.Views.ProfileView for ViewModel IHECLibrary.ViewModels.ProfileViewModel
[2025-04-29 00:41:38.565] ViewLocator: Creating instance of IHECLibrary.Views.ProfileView
[2025-04-29 01:27:47.315] Application IHEC Library démarrée
[2025-04-29 01:28:02.735] Creating MainWindow
[2025-04-29 01:28:04.202] Setting up navigation service
[2025-04-29 01:28:04.235] Application started successfully
[2025-04-29 01:28:04.334] ViewLocator: Looking for view IHECLibrary.Views.LoginView for ViewModel IHECLibrary.ViewModels.LoginViewModel
[2025-04-29 01:28:04.335] ViewLocator: Creating instance of IHECLibrary.Views.LoginView
[2025-04-29 01:28:13.569] ViewLocator: Looking for view IHECLibrary.Views.HomeView for ViewModel IHECLibrary.ViewModels.HomeViewModel
[2025-04-29 01:28:13.570] ViewLocator: Creating instance of IHECLibrary.Views.HomeView
[2025-04-29 01:28:14.915] ViewLocator: Looking for view IHECLibrary.Views.ProfileView for ViewModel IHECLibrary.ViewModels.ProfileViewModel
[2025-04-29 01:28:14.916] ViewLocator: Creating instance of IHECLibrary.Views.ProfileView
[2025-04-29 01:33:44.820] Application IHEC Library démarrée
[2025-04-29 01:33:45.271] Creating MainWindow
[2025-04-29 01:33:45.538] Setting up navigation service
[2025-04-29 01:33:45.575] Application started successfully
[2025-04-29 01:33:45.686] ViewLocator: Looking for view IHECLibrary.Views.LoginView for ViewModel IHECLibrary.ViewModels.LoginViewModel
[2025-04-29 01:33:45.687] ViewLocator: Creating instance of IHECLibrary.Views.LoginView
[2025-04-29 01:34:04.651] ViewLocator: Looking for view IHECLibrary.Views.HomeView for ViewModel IHECLibrary.ViewModels.HomeViewModel
[2025-04-29 01:34:04.667] ViewLocator: Creating instance of IHECLibrary.Views.HomeView
[2025-04-29 01:34:06.292] ViewLocator: Looking for view IHECLibrary.Views.ProfileView for ViewModel IHECLibrary.ViewModels.ProfileViewModel
[2025-04-29 01:34:06.293] ViewLocator: Creating instance of IHECLibrary.Views.ProfileView
[2025-04-29 02:15:28.602] Application IHEC Library démarrée
[2025-04-29 02:15:29.109] Creating MainWindow
[2025-04-29 02:15:29.324] Setting up navigation service
[2025-04-29 02:15:29.365] Application started successfully
[2025-04-29 02:15:29.479] ViewLocator: Looking for view IHECLibrary.Views.LoginView for ViewModel IHECLibrary.ViewModels.LoginViewModel
[2025-04-29 02:15:29.479] ViewLocator: Creating instance of IHECLibrary.Views.LoginView
[2025-04-29 02:17:07.412] Application IHEC Library démarrée
[2025-04-29 02:17:07.855] Creating MainWindow
[2025-04-29 02:17:08.022] Setting up navigation service
[2025-04-29 02:17:08.054] Application started successfully
[2025-04-29 02:17:08.145] ViewLocator: Looking for view IHECLibrary.Views.LoginView for ViewModel IHECLibrary.ViewModels.LoginViewModel
[2025-04-29 02:17:08.145] ViewLocator: Creating instance of IHECLibrary.Views.LoginView
[2025-04-29 02:17:21.274] ViewLocator: Looking for view IHECLibrary.Views.HomeView for ViewModel IHECLibrary.ViewModels.HomeViewModel
[2025-04-29 02:17:21.276] ViewLocator: Creating instance of IHECLibrary.Views.HomeView
[2025-04-29 02:17:27.084] ViewLocator: Looking for view IHECLibrary.Views.ProfileView for ViewModel IHECLibrary.ViewModels.ProfileViewModel
[2025-04-29 02:17:27.085] ViewLocator: Creating instance of IHECLibrary.Views.ProfileView
[2025-04-29 02:26:42.527] Application IHEC Library démarrée
[2025-04-29 02:26:43.041] Creating MainWindow
[2025-04-29 02:26:43.245] Setting up navigation service
[2025-04-29 02:26:43.277] Application started successfully
[2025-04-29 02:26:43.385] ViewLocator: Looking for view IHECLibrary.Views.LoginView for ViewModel IHECLibrary.ViewModels.LoginViewModel
[2025-04-29 02:26:43.386] ViewLocator: Creating instance of IHECLibrary.Views.LoginView
[2025-04-29 02:27:03.182] ViewLocator: Looking for view IHECLibrary.Views.HomeView for ViewModel IHECLibrary.ViewModels.HomeViewModel
[2025-04-29 02:27:03.183] ViewLocator: Creating instance of IHECLibrary.Views.HomeView
[2025-04-29 02:27:09.685] ViewLocator: Looking for view IHECLibrary.Views.ProfileView for ViewModel IHECLibrary.ViewModels.ProfileViewModel
[2025-04-29 02:27:09.685] ViewLocator: Creating instance of IHECLibrary.Views.ProfileView
[2025-04-29 02:29:47.632] Application IHEC Library démarrée
[2025-04-29 02:29:48.056] Creating MainWindow
[2025-04-29 02:29:48.224] Setting up navigation service
[2025-04-29 02:29:48.256] Application started successfully
[2025-04-29 02:29:48.349] ViewLocator: Looking for view IHECLibrary.Views.LoginView for ViewModel IHECLibrary.ViewModels.LoginViewModel
[2025-04-29 02:29:48.350] ViewLocator: Creating instance of IHECLibrary.Views.LoginView
[2025-04-29 02:30:15.018] ViewLocator: Looking for view IHECLibrary.Views.HomeView for ViewModel IHECLibrary.ViewModels.HomeViewModel
[2025-04-29 02:30:15.019] ViewLocator: Creating instance of IHECLibrary.Views.HomeView
[2025-04-29 02:30:21.209] ViewLocator: Looking for view IHECLibrary.Views.ProfileView for ViewModel IHECLibrary.ViewModels.ProfileViewModel
[2025-04-29 02:30:21.210] ViewLocator: Creating instance of IHECLibrary.Views.ProfileView
[2025-04-29 02:30:24.307] ViewLocator: Looking for view IHECLibrary.Views.EditProfileView for ViewModel IHECLibrary.ViewModels.EditProfileViewModel
[2025-04-29 02:30:24.309] ViewLocator: Creating instance of IHECLibrary.Views.EditProfileView
[2025-04-29 02:31:19.768] ViewLocator: Looking for view IHECLibrary.Views.ProfileView for ViewModel IHECLibrary.ViewModels.ProfileViewModel
[2025-04-29 02:31:19.769] ViewLocator: Creating instance of IHECLibrary.Views.ProfileView
[2025-04-29 02:31:26.356] ViewLocator: Looking for view IHECLibrary.Views.EditProfileView for ViewModel IHECLibrary.ViewModels.EditProfileViewModel
[2025-04-29 02:31:26.357] ViewLocator: Creating instance of IHECLibrary.Views.EditProfileView
[2025-04-29 02:31:39.752] ViewLocator: Looking for view IHECLibrary.Views.ProfileView for ViewModel IHECLibrary.ViewModels.ProfileViewModel
[2025-04-29 02:31:39.754] ViewLocator: Creating instance of IHECLibrary.Views.ProfileView
[2025-04-29 02:31:44.061] ViewLocator: Looking for view IHECLibrary.Views.LibraryView for ViewModel IHECLibrary.ViewModels.LibraryViewModel
[2025-04-29 02:31:44.062] ViewLocator: Creating instance of IHECLibrary.Views.LibraryView
[2025-04-29 02:31:44.845] ViewLocator: Looking for view IHECLibrary.Views.HomeView for ViewModel IHECLibrary.ViewModels.HomeViewModel
[2025-04-29 02:31:44.846] ViewLocator: Creating instance of IHECLibrary.Views.HomeView
[2025-04-29 02:31:45.862] ViewLocator: Looking for view IHECLibrary.Views.ChatbotView for ViewModel IHECLibrary.ViewModels.ChatbotViewModel
[2025-04-29 02:31:45.863] ViewLocator: Creating instance of IHECLibrary.Views.ChatbotView
[2025-04-29 02:31:46.386] ViewLocator: Looking for view IHECLibrary.Views.ProfileView for ViewModel IHECLibrary.ViewModels.ProfileViewModel
[2025-04-29 02:31:46.387] ViewLocator: Creating instance of IHECLibrary.Views.ProfileView
[2025-04-29 02:31:56.741] ViewLocator: Looking for view IHECLibrary.Views.LoginView for ViewModel IHECLibrary.ViewModels.LoginViewModel
[2025-04-29 02:31:56.742] ViewLocator: Creating instance of IHECLibrary.Views.LoginView
[2025-04-29 21:58:26.964] Application IHEC Library démarrée
[2025-04-29 21:58:31.415] Creating MainWindow
[2025-04-29 21:58:32.898] Setting up navigation service
[2025-04-29 21:58:32.932] Application started successfully
[2025-04-29 21:58:33.030] ViewLocator: Looking for view IHECLibrary.Views.LoginView for ViewModel IHECLibrary.ViewModels.LoginViewModel
[2025-04-29 21:58:33.031] ViewLocator: Creating instance of IHECLibrary.Views.LoginView
[2025-04-29 21:58:56.654] ViewLocator: Looking for view IHECLibrary.Views.HomeView for ViewModel IHECLibrary.ViewModels.HomeViewModel
[2025-04-29 21:58:56.655] ViewLocator: Creating instance of IHECLibrary.Views.HomeView
[2025-04-29 21:59:00.535] ViewLocator: Looking for view IHECLibrary.Views.ProfileView for ViewModel IHECLibrary.ViewModels.ProfileViewModel
[2025-04-29 21:59:00.536] ViewLocator: Creating instance of IHECLibrary.Views.ProfileView
[2025-04-29 21:59:03.485] ViewLocator: Looking for view IHECLibrary.Views.EditProfileView for ViewModel IHECLibrary.ViewModels.EditProfileViewModel
[2025-04-29 21:59:03.487] ViewLocator: Creating instance of IHECLibrary.Views.EditProfileView
[2025-04-29 22:11:46.964] Application IHEC Library démarrée
[2025-04-29 22:11:47.399] Creating MainWindow
[2025-04-29 22:11:47.571] Setting up navigation service
[2025-04-29 22:11:47.607] Application started successfully
[2025-04-29 22:11:47.729] ViewLocator: Looking for view IHECLibrary.Views.LoginView for ViewModel IHECLibrary.ViewModels.LoginViewModel
[2025-04-29 22:11:47.730] ViewLocator: Creating instance of IHECLibrary.Views.LoginView
[2025-04-29 22:12:22.046] ViewLocator: Looking for view IHECLibrary.Views.HomeView for ViewModel IHECLibrary.ViewModels.HomeViewModel
[2025-04-29 22:12:22.046] ViewLocator: Creating instance of IHECLibrary.Views.HomeView
[2025-04-29 22:12:50.576] ViewLocator: Looking for view IHECLibrary.Views.ProfileView for ViewModel IHECLibrary.ViewModels.ProfileViewModel
[2025-04-29 22:12:50.576] ViewLocator: Creating instance of IHECLibrary.Views.ProfileView
[2025-04-29 22:13:27.532] ViewLocator: Looking for view IHECLibrary.Views.HomeView for ViewModel IHECLibrary.ViewModels.HomeViewModel
[2025-04-29 22:13:27.533] ViewLocator: Creating instance of IHECLibrary.Views.HomeView
[2025-05-04 21:56:45.200] Application IHEC Library démarrée
[2025-05-04 21:56:46.257] Creating MainWindow
[2025-05-04 21:56:46.577] Setting up navigation service
[2025-05-04 21:56:46.649] Application started successfully
[2025-05-04 21:56:46.787] ViewLocator: Looking for view IHECLibrary.Views.LoginView for ViewModel IHECLibrary.ViewModels.LoginViewModel
[2025-05-04 21:56:46.789] ViewLocator: Creating instance of IHECLibrary.Views.LoginView
[2025-05-04 22:05:53.628] Application IHEC Library démarrée
[2025-05-04 22:05:54.256] Creating MainWindow
[2025-05-04 22:05:54.586] Setting up navigation service
[2025-05-04 22:05:54.626] Application started successfully
[2025-05-04 22:05:54.763] ViewLocator: Looking for view IHECLibrary.Views.LoginView for ViewModel IHECLibrary.ViewModels.LoginViewModel
[2025-05-04 22:05:54.764] ViewLocator: Creating instance of IHECLibrary.Views.LoginView
[2025-05-04 22:06:04.572] ViewLocator: Looking for view IHECLibrary.Views.RegisterView for ViewModel IHECLibrary.ViewModels.RegisterViewModel
[2025-05-04 22:06:04.573] ViewLocator: Creating instance of IHECLibrary.Views.RegisterView
[2025-05-04 22:08:12.713] ViewLocator: Looking for view IHECLibrary.Views.LoginView for ViewModel IHECLibrary.ViewModels.LoginViewModel
[2025-05-04 22:08:12.715] ViewLocator: Creating instance of IHECLibrary.Views.LoginView
[2025-05-04 22:08:18.302] ViewLocator: Looking for view IHECLibrary.Views.RegisterView for ViewModel IHECLibrary.ViewModels.RegisterViewModel
[2025-05-04 22:08:18.304] ViewLocator: Creating instance of IHECLibrary.Views.RegisterView
[2025-05-04 22:08:25.012] ViewLocator: Looking for view IHECLibrary.Views.LoginView for ViewModel IHECLibrary.ViewModels.LoginViewModel
[2025-05-04 22:08:25.012] ViewLocator: Creating instance of IHECLibrary.Views.LoginView
[2025-05-04 22:11:53.236] Application IHEC Library démarrée
[2025-05-04 22:11:53.873] Creating MainWindow
[2025-05-04 22:11:54.097] Setting up navigation service
[2025-05-04 22:11:54.160] Application started successfully
[2025-05-04 22:11:54.320] ViewLocator: Looking for view IHECLibrary.Views.LoginView for ViewModel IHECLibrary.ViewModels.LoginViewModel
[2025-05-04 22:11:54.320] ViewLocator: Creating instance of IHECLibrary.Views.LoginView
[2025-05-04 22:11:57.637] ViewLocator: Looking for view IHECLibrary.Views.RegisterView for ViewModel IHECLibrary.ViewModels.RegisterViewModel
[2025-05-04 22:11:57.639] ViewLocator: Creating instance of IHECLibrary.Views.RegisterView
[2025-05-04 22:12:28.581] ViewLocator: Looking for view IHECLibrary.Views.LoginView for ViewModel IHECLibrary.ViewModels.LoginViewModel
[2025-05-04 22:12:28.582] ViewLocator: Creating instance of IHECLibrary.Views.LoginView
[2025-05-04 22:12:45.246] ViewLocator: Looking for view IHECLibrary.Views.HomeView for ViewModel IHECLibrary.ViewModels.HomeViewModel
[2025-05-04 22:12:45.247] ViewLocator: Creating instance of IHECLibrary.Views.HomeView
[2025-05-04 22:12:56.908] ViewLocator: Looking for view IHECLibrary.Views.ProfileView for ViewModel IHECLibrary.ViewModels.ProfileViewModel
[2025-05-04 22:12:56.910] ViewLocator: Creating instance of IHECLibrary.Views.ProfileView
[2025-05-04 22:13:05.856] ViewLocator: Looking for view IHECLibrary.Views.ChatbotView for ViewModel IHECLibrary.ViewModels.ChatbotViewModel
[2025-05-04 22:13:05.858] ViewLocator: Creating instance of IHECLibrary.Views.ChatbotView
[2025-05-04 22:13:20.450] ViewLocator: Looking for view IHECLibrary.Views.LibraryView for ViewModel IHECLibrary.ViewModels.LibraryViewModel
[2025-05-04 22:13:20.451] ViewLocator: Creating instance of IHECLibrary.Views.LibraryView
[2025-05-04 22:13:43.971] ViewLocator: Looking for view IHECLibrary.Views.HomeView for ViewModel IHECLibrary.ViewModels.HomeViewModel
[2025-05-04 22:13:43.973] ViewLocator: Creating instance of IHECLibrary.Views.HomeView
[2025-05-04 22:14:12.871] ViewLocator: Looking for view IHECLibrary.Views.ProfileView for ViewModel IHECLibrary.ViewModels.ProfileViewModel
[2025-05-04 22:14:12.872] ViewLocator: Creating instance of IHECLibrary.Views.ProfileView
[2025-05-04 23:28:59.878] Application IHEC Library démarrée
[2025-05-04 23:29:00.389] Creating MainWindow
[2025-05-04 23:29:00.597] Setting up navigation service
[2025-05-04 23:29:00.633] Application started successfully
[2025-05-04 23:29:00.729] ViewLocator: Looking for view IHECLibrary.Views.LoginView for ViewModel IHECLibrary.ViewModels.LoginViewModel
[2025-05-04 23:29:00.730] ViewLocator: Creating instance of IHECLibrary.Views.LoginView
[2025-05-04 23:29:21.302] ViewLocator: Looking for view IHECLibrary.Views.HomeView for ViewModel IHECLibrary.ViewModels.HomeViewModel
[2025-05-04 23:29:21.303] ViewLocator: Creating instance of IHECLibrary.Views.HomeView
[2025-05-04 23:29:25.127] ViewLocator: Looking for view IHECLibrary.Views.ProfileView for ViewModel IHECLibrary.ViewModels.ProfileViewModel
[2025-05-04 23:29:25.128] ViewLocator: Creating instance of IHECLibrary.Views.ProfileView
[2025-05-04 23:29:26.305] ViewLocator: Looking for view IHECLibrary.Views.ChatbotView for ViewModel IHECLibrary.ViewModels.ChatbotViewModel
[2025-05-04 23:29:26.307] ViewLocator: Creating instance of IHECLibrary.Views.ChatbotView
[2025-05-04 23:29:27.225] ViewLocator: Looking for view IHECLibrary.Views.LibraryView for ViewModel IHECLibrary.ViewModels.LibraryViewModel
[2025-05-04 23:29:27.226] ViewLocator: Creating instance of IHECLibrary.Views.LibraryView
[2025-05-04 23:29:32.133] ViewLocator: Looking for view IHECLibrary.Views.HomeView for ViewModel IHECLibrary.ViewModels.HomeViewModel
[2025-05-04 23:29:32.134] ViewLocator: Creating instance of IHECLibrary.Views.HomeView
[2025-05-04 23:29:53.214] ViewLocator: Looking for view IHECLibrary.Views.LibraryView for ViewModel IHECLibrary.ViewModels.LibraryViewModel
[2025-05-04 23:29:53.215] ViewLocator: Creating instance of IHECLibrary.Views.LibraryView
[2025-05-04 23:37:55.875] Application IHEC Library démarrée
[2025-05-04 23:37:56.306] Creating MainWindow
[2025-05-04 23:37:56.474] Setting up navigation service
[2025-05-04 23:37:56.506] Application started successfully
[2025-05-04 23:37:56.607] ViewLocator: Looking for view IHECLibrary.Views.LoginView for ViewModel IHECLibrary.ViewModels.LoginViewModel
[2025-05-04 23:37:56.607] ViewLocator: Creating instance of IHECLibrary.Views.LoginView
[2025-05-04 23:38:14.876] ViewLocator: Looking for view IHECLibrary.Views.HomeView for ViewModel IHECLibrary.ViewModels.HomeViewModel
[2025-05-04 23:38:14.876] ViewLocator: Creating instance of IHECLibrary.Views.HomeView
[2025-05-04 23:38:26.105] ViewLocator: Looking for view IHECLibrary.Views.LibraryView for ViewModel IHECLibrary.ViewModels.LibraryViewModel
[2025-05-04 23:38:26.107] ViewLocator: Creating instance of IHECLibrary.Views.LibraryView
[2025-05-04 23:38:29.205] ViewLocator: Looking for view IHECLibrary.Views.HomeView for ViewModel IHECLibrary.ViewModels.HomeViewModel
[2025-05-04 23:38:29.206] ViewLocator: Creating instance of IHECLibrary.Views.HomeView
[2025-05-04 23:39:29.209] ViewLocator: Looking for view IHECLibrary.Views.ProfileView for ViewModel IHECLibrary.ViewModels.ProfileViewModel
[2025-05-04 23:39:29.210] ViewLocator: Creating instance of IHECLibrary.Views.ProfileView
[2025-05-04 23:39:35.670] ViewLocator: Looking for view IHECLibrary.Views.ChatbotView for ViewModel IHECLibrary.ViewModels.ChatbotViewModel
[2025-05-04 23:39:35.671] ViewLocator: Creating instance of IHECLibrary.Views.ChatbotView
[2025-05-04 23:39:40.923] ViewLocator: Looking for view IHECLibrary.Views.LibraryView for ViewModel IHECLibrary.ViewModels.LibraryViewModel
[2025-05-04 23:39:40.924] ViewLocator: Creating instance of IHECLibrary.Views.LibraryView
[2025-05-04 23:39:43.133] ViewLocator: Looking for view IHECLibrary.Views.HomeView for ViewModel IHECLibrary.ViewModels.HomeViewModel
[2025-05-04 23:39:43.134] ViewLocator: Creating instance of IHECLibrary.Views.HomeView
[2025-05-04 23:39:58.328] ViewLocator: Looking for view IHECLibrary.Views.LibraryView for ViewModel IHECLibrary.ViewModels.LibraryViewModel
[2025-05-04 23:39:58.330] ViewLocator: Creating instance of IHECLibrary.Views.LibraryView
[2025-05-04 23:59:30.590] Application IHEC Library démarrée
[2025-05-04 23:59:31.028] Creating MainWindow
[2025-05-04 23:59:31.194] Setting up navigation service
[2025-05-04 23:59:31.225] Application started successfully
[2025-05-04 23:59:31.313] ViewLocator: Looking for view IHECLibrary.Views.LoginView for ViewModel IHECLibrary.ViewModels.LoginViewModel
[2025-05-04 23:59:31.314] ViewLocator: Creating instance of IHECLibrary.Views.LoginView
[2025-05-04 23:59:51.421] ViewLocator: Looking for view IHECLibrary.Views.HomeView for ViewModel IHECLibrary.ViewModels.HomeViewModel
[2025-05-04 23:59:51.422] ViewLocator: Creating instance of IHECLibrary.Views.HomeView
[2025-05-04 23:59:57.800] ViewLocator: Looking for view IHECLibrary.Views.LibraryView for ViewModel IHECLibrary.ViewModels.LibraryViewModel
[2025-05-04 23:59:57.801] ViewLocator: Creating instance of IHECLibrary.Views.LibraryView
[2025-05-05 00:01:15.611] ViewLocator: Looking for view IHECLibrary.Views.HomeView for ViewModel IHECLibrary.ViewModels.HomeViewModel
[2025-05-05 00:01:15.613] ViewLocator: Creating instance of IHECLibrary.Views.HomeView
[2025-05-05 00:01:24.791] ViewLocator: Looking for view IHECLibrary.Views.LibraryView for ViewModel IHECLibrary.ViewModels.LibraryViewModel
[2025-05-05 00:01:24.792] ViewLocator: Creating instance of IHECLibrary.Views.LibraryView
[2025-05-05 00:01:26.452] ViewLocator: Looking for view IHECLibrary.Views.HomeView for ViewModel IHECLibrary.ViewModels.HomeViewModel
[2025-05-05 00:01:26.453] ViewLocator: Creating instance of IHECLibrary.Views.HomeView
[2025-05-05 00:01:28.390] ViewLocator: Looking for view IHECLibrary.Views.LibraryView for ViewModel IHECLibrary.ViewModels.LibraryViewModel
[2025-05-05 00:01:28.391] ViewLocator: Creating instance of IHECLibrary.Views.LibraryView
[2025-05-05 00:01:29.301] ViewLocator: Looking for view IHECLibrary.Views.HomeView for ViewModel IHECLibrary.ViewModels.HomeViewModel
[2025-05-05 00:01:29.303] ViewLocator: Creating instance of IHECLibrary.Views.HomeView
[2025-05-05 00:01:30.591] ViewLocator: Looking for view IHECLibrary.Views.LibraryView for ViewModel IHECLibrary.ViewModels.LibraryViewModel
[2025-05-05 00:01:30.592] ViewLocator: Creating instance of IHECLibrary.Views.LibraryView
[2025-05-05 00:01:31.505] ViewLocator: Looking for view IHECLibrary.Views.ChatbotView for ViewModel IHECLibrary.ViewModels.ChatbotViewModel
[2025-05-05 00:01:31.506] ViewLocator: Creating instance of IHECLibrary.Views.ChatbotView
[2025-05-05 00:01:33.387] ViewLocator: Looking for view IHECLibrary.Views.ProfileView for ViewModel IHECLibrary.ViewModels.ProfileViewModel
[2025-05-05 00:01:33.388] ViewLocator: Creating instance of IHECLibrary.Views.ProfileView
[2025-05-05 00:01:34.850] ViewLocator: Looking for view IHECLibrary.Views.ChatbotView for ViewModel IHECLibrary.ViewModels.ChatbotViewModel
[2025-05-05 00:01:34.851] ViewLocator: Creating instance of IHECLibrary.Views.ChatbotView
[2025-05-05 00:01:35.661] ViewLocator: Looking for view IHECLibrary.Views.LibraryView for ViewModel IHECLibrary.ViewModels.LibraryViewModel
[2025-05-05 00:01:35.662] ViewLocator: Creating instance of IHECLibrary.Views.LibraryView
[2025-05-05 00:01:36.532] ViewLocator: Looking for view IHECLibrary.Views.HomeView for ViewModel IHECLibrary.ViewModels.HomeViewModel
[2025-05-05 00:01:36.533] ViewLocator: Creating instance of IHECLibrary.Views.HomeView
[2025-05-05 00:01:37.654] ViewLocator: Looking for view IHECLibrary.Views.ChatbotView for ViewModel IHECLibrary.ViewModels.ChatbotViewModel
[2025-05-05 00:01:37.655] ViewLocator: Creating instance of IHECLibrary.Views.ChatbotView
[2025-05-05 00:01:38.424] ViewLocator: Looking for view IHECLibrary.Views.ProfileView for ViewModel IHECLibrary.ViewModels.ProfileViewModel
[2025-05-05 00:01:38.425] ViewLocator: Creating instance of IHECLibrary.Views.ProfileView
[2025-05-05 00:08:39.497] Application IHEC Library démarrée
[2025-05-05 00:08:39.966] Creating MainWindow
[2025-05-05 00:08:40.159] Setting up navigation service
[2025-05-05 00:08:40.194] Application started successfully
[2025-05-05 00:08:40.294] ViewLocator: Looking for view IHECLibrary.Views.LoginView for ViewModel IHECLibrary.ViewModels.LoginViewModel
[2025-05-05 00:08:40.295] ViewLocator: Creating instance of IHECLibrary.Views.LoginView
[2025-05-05 00:09:19.133] ViewLocator: Looking for view IHECLibrary.Views.HomeView for ViewModel IHECLibrary.ViewModels.HomeViewModel
[2025-05-05 00:09:19.134] ViewLocator: Creating instance of IHECLibrary.Views.HomeView
[2025-05-05 00:09:23.325] ViewLocator: Looking for view IHECLibrary.Views.ProfileView for ViewModel IHECLibrary.ViewModels.ProfileViewModel
[2025-05-05 00:09:23.326] ViewLocator: Creating instance of IHECLibrary.Views.ProfileView
[2025-05-05 00:16:20.158] ViewLocator: Looking for view IHECLibrary.Views.LibraryView for ViewModel IHECLibrary.ViewModels.LibraryViewModel
[2025-05-05 00:16:20.159] ViewLocator: Creating instance of IHECLibrary.Views.LibraryView
[2025-05-05 00:17:06.387] ViewLocator: Looking for view IHECLibrary.Views.ProfileView for ViewModel IHECLibrary.ViewModels.ProfileViewModel
[2025-05-05 00:17:06.388] ViewLocator: Creating instance of IHECLibrary.Views.ProfileView
[2025-05-05 00:17:09.565] ViewLocator: Looking for view IHECLibrary.Views.HomeView for ViewModel IHECLibrary.ViewModels.HomeViewModel
[2025-05-05 00:17:09.566] ViewLocator: Creating instance of IHECLibrary.Views.HomeView
[2025-05-05 00:25:56.750] Application IHEC Library démarrée
[2025-05-05 00:25:57.508] Creating MainWindow
[2025-05-05 00:25:57.737] Setting up navigation service
[2025-05-05 00:25:57.787] Application started successfully
[2025-05-05 00:25:57.959] ViewLocator: Looking for view IHECLibrary.Views.LoginView for ViewModel IHECLibrary.ViewModels.LoginViewModel
[2025-05-05 00:25:57.960] ViewLocator: Creating instance of IHECLibrary.Views.LoginView
[2025-05-05 00:29:20.885] ViewLocator: Looking for view IHECLibrary.Views.HomeView for ViewModel IHECLibrary.ViewModels.HomeViewModel
[2025-05-05 00:29:20.886] ViewLocator: Creating instance of IHECLibrary.Views.HomeView
[2025-05-05 00:29:38.316] ViewLocator: Looking for view IHECLibrary.Views.LibraryView for ViewModel IHECLibrary.ViewModels.LibraryViewModel
[2025-05-05 00:29:38.318] ViewLocator: Creating instance of IHECLibrary.Views.LibraryView
[2025-05-05 00:29:42.953] ViewLocator: Looking for view IHECLibrary.Views.ProfileView for ViewModel IHECLibrary.ViewModels.ProfileViewModel
[2025-05-05 00:29:42.955] ViewLocator: Creating instance of IHECLibrary.Views.ProfileView
[2025-05-05 00:29:47.609] ViewLocator: Looking for view IHECLibrary.Views.HomeView for ViewModel IHECLibrary.ViewModels.HomeViewModel
[2025-05-05 00:29:47.611] ViewLocator: Creating instance of IHECLibrary.Views.HomeView
[2025-05-05 00:29:56.914] ViewLocator: Looking for view IHECLibrary.Views.ProfileView for ViewModel IHECLibrary.ViewModels.ProfileViewModel
[2025-05-05 00:29:56.915] ViewLocator: Creating instance of IHECLibrary.Views.ProfileView
[2025-05-05 00:30:03.594] ViewLocator: Looking for view IHECLibrary.Views.HomeView for ViewModel IHECLibrary.ViewModels.HomeViewModel
[2025-05-05 00:30:03.595] ViewLocator: Creating instance of IHECLibrary.Views.HomeView
[2025-05-05 00:31:05.505] ViewLocator: Looking for view IHECLibrary.Views.LibraryView for ViewModel IHECLibrary.ViewModels.LibraryViewModel
[2025-05-05 00:31:05.506] ViewLocator: Creating instance of IHECLibrary.Views.LibraryView
[2025-05-05 00:31:07.523] ViewLocator: Looking for view IHECLibrary.Views.ProfileView for ViewModel IHECLibrary.ViewModels.ProfileViewModel
[2025-05-05 00:31:07.524] ViewLocator: Creating instance of IHECLibrary.Views.ProfileView
[2025-05-05 00:31:13.327] ViewLocator: Looking for view IHECLibrary.Views.LibraryView for ViewModel IHECLibrary.ViewModels.LibraryViewModel
[2025-05-05 00:31:13.328] ViewLocator: Creating instance of IHECLibrary.Views.LibraryView
[2025-05-05 00:31:14.633] ViewLocator: Looking for view IHECLibrary.Views.HomeView for ViewModel IHECLibrary.ViewModels.HomeViewModel
[2025-05-05 00:31:14.635] ViewLocator: Creating instance of IHECLibrary.Views.HomeView
[2025-05-05 00:31:15.944] ViewLocator: Looking for view IHECLibrary.Views.LibraryView for ViewModel IHECLibrary.ViewModels.LibraryViewModel
[2025-05-05 00:31:15.946] ViewLocator: Creating instance of IHECLibrary.Views.LibraryView
[2025-05-05 00:31:16.817] ViewLocator: Looking for view IHECLibrary.Views.ProfileView for ViewModel IHECLibrary.ViewModels.ProfileViewModel
[2025-05-05 00:31:16.819] ViewLocator: Creating instance of IHECLibrary.Views.ProfileView
[2025-05-05 00:31:47.345] ViewLocator: Looking for view IHECLibrary.Views.LibraryView for ViewModel IHECLibrary.ViewModels.LibraryViewModel
[2025-05-05 00:31:47.346] ViewLocator: Creating instance of IHECLibrary.Views.LibraryView
[2025-05-05 00:31:55.567] ViewLocator: Looking for view IHECLibrary.Views.HomeView for ViewModel IHECLibrary.ViewModels.HomeViewModel
[2025-05-05 00:31:55.569] ViewLocator: Creating instance of IHECLibrary.Views.HomeView
[2025-05-05 00:32:12.741] ViewLocator: Looking for view IHECLibrary.Views.LibraryView for ViewModel IHECLibrary.ViewModels.LibraryViewModel
[2025-05-05 00:32:12.742] ViewLocator: Creating instance of IHECLibrary.Views.LibraryView
[2025-05-05 00:32:18.389] ViewLocator: Looking for view IHECLibrary.Views.ProfileView for ViewModel IHECLibrary.ViewModels.ProfileViewModel
[2025-05-05 00:32:18.391] ViewLocator: Creating instance of IHECLibrary.Views.ProfileView
[2025-05-05 00:32:58.249] ViewLocator: Looking for view IHECLibrary.Views.HomeView for ViewModel IHECLibrary.ViewModels.HomeViewModel
[2025-05-05 00:32:58.251] ViewLocator: Creating instance of IHECLibrary.Views.HomeView
[2025-05-05 01:28:32.648] Application IHEC Library démarrée
[2025-05-05 01:28:33.271] Creating MainWindow
[2025-05-05 01:28:33.495] Setting up navigation service
[2025-05-05 01:28:33.542] Application started successfully
[2025-05-05 01:28:33.670] ViewLocator: Looking for view IHECLibrary.Views.LoginView for ViewModel IHECLibrary.ViewModels.LoginViewModel
[2025-05-05 01:28:33.671] ViewLocator: Creating instance of IHECLibrary.Views.LoginView
[2025-05-05 01:28:55.147] ViewLocator: Looking for view IHECLibrary.Views.HomeView for ViewModel IHECLibrary.ViewModels.HomeViewModel
[2025-05-05 01:28:55.147] ViewLocator: Creating instance of IHECLibrary.Views.HomeView
[2025-05-05 01:29:07.035] ViewLocator: Looking for view IHECLibrary.Views.LibraryView for ViewModel IHECLibrary.ViewModels.LibraryViewModel
[2025-05-05 01:29:07.037] ViewLocator: Creating instance of IHECLibrary.Views.LibraryView
[2025-05-05 01:29:10.185] ViewLocator: Looking for view IHECLibrary.Views.ProfileView for ViewModel IHECLibrary.ViewModels.ProfileViewModel
[2025-05-05 01:29:10.186] ViewLocator: Creating instance of IHECLibrary.Views.ProfileView
[2025-05-05 01:29:28.687] ViewLocator: Looking for view IHECLibrary.Views.HomeView for ViewModel IHECLibrary.ViewModels.HomeViewModel
[2025-05-05 01:29:28.688] ViewLocator: Creating instance of IHECLibrary.Views.HomeView
[2025-05-05 01:30:45.603] ViewLocator: Looking for view IHECLibrary.Views.LibraryView for ViewModel IHECLibrary.ViewModels.LibraryViewModel
[2025-05-05 01:30:45.604] ViewLocator: Creating instance of IHECLibrary.Views.LibraryView
[2025-05-05 01:30:50.728] ViewLocator: Looking for view IHECLibrary.Views.HomeView for ViewModel IHECLibrary.ViewModels.HomeViewModel
[2025-05-05 01:30:50.729] ViewLocator: Creating instance of IHECLibrary.Views.HomeView
[2025-05-05 01:30:54.938] ViewLocator: Looking for view IHECLibrary.Views.ProfileView for ViewModel IHECLibrary.ViewModels.ProfileViewModel
[2025-05-05 01:30:54.939] ViewLocator: Creating instance of IHECLibrary.Views.ProfileView
[2025-05-05 01:56:51.670] Application IHEC Library démarrée
[2025-05-05 01:56:52.268] Creating MainWindow
[2025-05-05 01:56:52.460] Setting up navigation service
[2025-05-05 01:56:52.501] Application started successfully
[2025-05-05 01:56:52.642] ViewLocator: Looking for view IHECLibrary.Views.LoginView for ViewModel IHECLibrary.ViewModels.LoginViewModel
[2025-05-05 01:56:52.643] ViewLocator: Creating instance of IHECLibrary.Views.LoginView
[2025-05-05 01:57:16.559] ViewLocator: Looking for view IHECLibrary.Views.HomeView for ViewModel IHECLibrary.ViewModels.HomeViewModel
[2025-05-05 01:57:16.560] ViewLocator: Creating instance of IHECLibrary.Views.HomeView
[2025-05-05 01:57:19.720] ViewLocator: Looking for view IHECLibrary.Views.ChatbotView for ViewModel IHECLibrary.ViewModels.ChatbotViewModel
[2025-05-05 01:57:19.722] ViewLocator: Creating instance of IHECLibrary.Views.ChatbotView
[2025-05-05 01:57:25.232] ViewLocator: Looking for view IHECLibrary.Views.HomeView for ViewModel IHECLibrary.ViewModels.HomeViewModel
[2025-05-05 01:57:25.233] ViewLocator: Creating instance of IHECLibrary.Views.HomeView
[2025-05-05 02:04:48.296] ViewLocator: Looking for view IHECLibrary.Views.ProfileView for ViewModel IHECLibrary.ViewModels.ProfileViewModel
[2025-05-05 02:04:48.298] ViewLocator: Creating instance of IHECLibrary.Views.ProfileView
[2025-05-05 02:04:53.481] ViewLocator: Looking for view IHECLibrary.Views.ChatbotView for ViewModel IHECLibrary.ViewModels.ChatbotViewModel
[2025-05-05 02:04:53.496] ViewLocator: Creating instance of IHECLibrary.Views.ChatbotView
[2025-05-05 02:05:00.084] ViewLocator: Looking for view IHECLibrary.Views.LibraryView for ViewModel IHECLibrary.ViewModels.LibraryViewModel
[2025-05-05 02:05:00.086] ViewLocator: Creating instance of IHECLibrary.Views.LibraryView
[2025-05-05 02:20:20.905] Application IHEC Library démarrée
[2025-05-05 02:20:21.471] Creating MainWindow
[2025-05-05 02:20:21.658] Setting up navigation service
[2025-05-05 02:20:21.696] Application started successfully
[2025-05-05 02:20:21.807] ViewLocator: Looking for view IHECLibrary.Views.LoginView for ViewModel IHECLibrary.ViewModels.LoginViewModel
[2025-05-05 02:20:21.807] ViewLocator: Creating instance of IHECLibrary.Views.LoginView
[2025-05-05 02:20:51.708] ViewLocator: Looking for view IHECLibrary.Views.HomeView for ViewModel IHECLibrary.ViewModels.HomeViewModel
[2025-05-05 02:20:51.710] ViewLocator: Creating instance of IHECLibrary.Views.HomeView
[2025-05-05 02:20:56.694] ViewLocator: Looking for view IHECLibrary.Views.ChatbotView for ViewModel IHECLibrary.ViewModels.ChatbotViewModel
[2025-05-05 02:20:56.696] ViewLocator: Creating instance of IHECLibrary.Views.ChatbotView
[2025-05-05 02:25:27.156] Application IHEC Library démarrée
[2025-05-05 02:25:27.886] Creating MainWindow
[2025-05-05 02:25:28.071] Setting up navigation service
[2025-05-05 02:25:28.104] Application started successfully
[2025-05-05 02:25:28.191] ViewLocator: Looking for view IHECLibrary.Views.LoginView for ViewModel IHECLibrary.ViewModels.LoginViewModel
[2025-05-05 02:25:28.192] ViewLocator: Creating instance of IHECLibrary.Views.LoginView
[2025-05-05 02:25:46.147] ViewLocator: Looking for view IHECLibrary.Views.HomeView for ViewModel IHECLibrary.ViewModels.HomeViewModel
[2025-05-05 02:25:46.148] ViewLocator: Creating instance of IHECLibrary.Views.HomeView
[2025-05-05 02:25:48.766] ViewLocator: Looking for view IHECLibrary.Views.ChatbotView for ViewModel IHECLibrary.ViewModels.ChatbotViewModel
[2025-05-05 02:25:48.767] ViewLocator: Creating instance of IHECLibrary.Views.ChatbotView
[2025-05-05 02:27:17.349] ViewLocator: Looking for view IHECLibrary.Views.ProfileView for ViewModel IHECLibrary.ViewModels.ProfileViewModel
[2025-05-05 02:27:17.350] ViewLocator: Creating instance of IHECLibrary.Views.ProfileView
[2025-05-05 02:38:02.393] Application IHEC Library démarrée
[2025-05-05 02:38:02.869] Creating MainWindow
[2025-05-05 02:38:03.050] Setting up navigation service
[2025-05-05 02:38:03.085] Application started successfully
[2025-05-05 02:38:03.174] ViewLocator: Looking for view IHECLibrary.Views.LoginView for ViewModel IHECLibrary.ViewModels.LoginViewModel
[2025-05-05 02:38:03.175] ViewLocator: Creating instance of IHECLibrary.Views.LoginView
[2025-05-05 02:38:35.332] ViewLocator: Looking for view IHECLibrary.Views.HomeView for ViewModel IHECLibrary.ViewModels.HomeViewModel
[2025-05-05 02:38:35.334] ViewLocator: Creating instance of IHECLibrary.Views.HomeView
[2025-05-05 02:38:46.786] ViewLocator: Looking for view IHECLibrary.Views.ProfileView for ViewModel IHECLibrary.ViewModels.ProfileViewModel
[2025-05-05 02:38:46.787] ViewLocator: Creating instance of IHECLibrary.Views.ProfileView
[2025-05-05 02:38:53.673] ViewLocator: Looking for view IHECLibrary.Views.HomeView for ViewModel IHECLibrary.ViewModels.HomeViewModel
[2025-05-05 02:38:53.674] ViewLocator: Creating instance of IHECLibrary.Views.HomeView
[2025-05-05 02:53:15.044] Application IHEC Library démarrée
[2025-05-05 02:53:15.483] Creating MainWindow
[2025-05-05 02:53:15.641] Setting up navigation service
[2025-05-05 02:53:15.676] Application started successfully
[2025-05-05 02:53:15.766] ViewLocator: Looking for view IHECLibrary.Views.LoginView for ViewModel IHECLibrary.ViewModels.LoginViewModel
[2025-05-05 02:53:15.767] ViewLocator: Creating instance of IHECLibrary.Views.LoginView
[2025-05-05 02:53:46.856] ViewLocator: Looking for view IHECLibrary.Views.HomeView for ViewModel IHECLibrary.ViewModels.HomeViewModel
[2025-05-05 02:53:46.856] ViewLocator: Creating instance of IHECLibrary.Views.HomeView
[2025-05-05 02:53:54.002] ViewLocator: Looking for view IHECLibrary.Views.LibraryView for ViewModel IHECLibrary.ViewModels.LibraryViewModel
[2025-05-05 02:53:54.003] ViewLocator: Creating instance of IHECLibrary.Views.LibraryView
[2025-05-05 02:53:56.821] ViewLocator: Looking for view IHECLibrary.Views.ProfileView for ViewModel IHECLibrary.ViewModels.ProfileViewModel
[2025-05-05 02:53:56.822] ViewLocator: Creating instance of IHECLibrary.Views.ProfileView
[2025-05-05 02:54:03.334] ViewLocator: Looking for view IHECLibrary.Views.ChatbotView for ViewModel IHECLibrary.ViewModels.ChatbotViewModel
[2025-05-05 02:54:03.334] ViewLocator: Creating instance of IHECLibrary.Views.ChatbotView
[2025-05-05 02:54:24.776] ViewLocator: Looking for view IHECLibrary.Views.ProfileView for ViewModel IHECLibrary.ViewModels.ProfileViewModel
[2025-05-05 02:54:24.777] ViewLocator: Creating instance of IHECLibrary.Views.ProfileView
[2025-05-05 02:55:06.441] ViewLocator: Looking for view IHECLibrary.Views.LibraryView for ViewModel IHECLibrary.ViewModels.LibraryViewModel
[2025-05-05 02:55:06.442] ViewLocator: Creating instance of IHECLibrary.Views.LibraryView
[2025-05-05 02:55:11.292] ViewLocator: Looking for view IHECLibrary.Views.HomeView for ViewModel IHECLibrary.ViewModels.HomeViewModel
[2025-05-05 02:55:11.293] ViewLocator: Creating instance of IHECLibrary.Views.HomeView
[2025-05-05 02:55:13.407] ViewLocator: Looking for view IHECLibrary.Views.ChatbotView for ViewModel IHECLibrary.ViewModels.ChatbotViewModel
[2025-05-05 02:55:13.408] ViewLocator: Creating instance of IHECLibrary.Views.ChatbotView
[2025-05-05 02:55:16.806] ViewLocator: Looking for view IHECLibrary.Views.HomeView for ViewModel IHECLibrary.ViewModels.HomeViewModel
[2025-05-05 02:55:16.807] ViewLocator: Creating instance of IHECLibrary.Views.HomeView
[2025-05-05 03:13:38.281] Application IHEC Library démarrée
[2025-05-05 03:13:38.828] Creating MainWindow
[2025-05-05 03:13:39.028] Setting up navigation service
[2025-05-05 03:13:39.063] Application started successfully
[2025-05-05 03:13:39.185] ViewLocator: Looking for view IHECLibrary.Views.LoginView for ViewModel IHECLibrary.ViewModels.LoginViewModel
[2025-05-05 03:13:39.186] ViewLocator: Creating instance of IHECLibrary.Views.LoginView
[2025-05-05 03:16:12.043] Application IHEC Library démarrée
[2025-05-05 03:16:12.489] Creating MainWindow
[2025-05-05 03:16:12.652] Setting up navigation service
[2025-05-05 03:16:12.686] Application started successfully
[2025-05-05 03:16:12.776] ViewLocator: Looking for view IHECLibrary.Views.LoginView for ViewModel IHECLibrary.ViewModels.LoginViewModel
[2025-05-05 03:16:12.776] ViewLocator: Creating instance of IHECLibrary.Views.LoginView
[2025-05-05 03:17:35.790] ViewLocator: Looking for view IHECLibrary.Views.HomeView for ViewModel IHECLibrary.ViewModels.HomeViewModel
[2025-05-05 03:17:35.790] ViewLocator: Creating instance of IHECLibrary.Views.HomeView
[2025-05-05 03:17:47.021] ViewLocator: Looking for view IHECLibrary.Views.LibraryView for ViewModel IHECLibrary.ViewModels.LibraryViewModel
[2025-05-05 03:17:47.022] ViewLocator: Creating instance of IHECLibrary.Views.LibraryView
[2025-05-05 03:17:49.062] ViewLocator: Looking for view IHECLibrary.Views.ProfileView for ViewModel IHECLibrary.ViewModels.ProfileViewModel
[2025-05-05 03:17:49.063] ViewLocator: Creating instance of IHECLibrary.Views.ProfileView
[2025-05-05 03:17:52.412] ViewLocator: Looking for view IHECLibrary.Views.ChatbotView for ViewModel IHECLibrary.ViewModels.ChatbotViewModel
[2025-05-05 03:17:52.413] ViewLocator: Creating instance of IHECLibrary.Views.ChatbotView
[2025-05-05 03:18:13.920] ViewLocator: Looking for view IHECLibrary.Views.LibraryView for ViewModel IHECLibrary.ViewModels.LibraryViewModel
[2025-05-05 03:18:13.921] ViewLocator: Creating instance of IHECLibrary.Views.LibraryView
[2025-05-05 03:18:37.523] ViewLocator: Looking for view IHECLibrary.Views.ProfileView for ViewModel IHECLibrary.ViewModels.ProfileViewModel
[2025-05-05 03:18:37.524] ViewLocator: Creating instance of IHECLibrary.Views.ProfileView
[2025-05-05 03:18:46.107] ViewLocator: Looking for view IHECLibrary.Views.HomeView for ViewModel IHECLibrary.ViewModels.HomeViewModel
[2025-05-05 03:18:46.108] ViewLocator: Creating instance of IHECLibrary.Views.HomeView
[2025-05-05 03:19:11.077] Application IHEC Library démarrée
[2025-05-05 03:19:11.534] Creating MainWindow
[2025-05-05 03:19:11.705] Setting up navigation service
[2025-05-05 03:19:11.738] Application started successfully
[2025-05-05 03:19:11.833] ViewLocator: Looking for view IHECLibrary.Views.LoginView for ViewModel IHECLibrary.ViewModels.LoginViewModel
[2025-05-05 03:19:11.834] ViewLocator: Creating instance of IHECLibrary.Views.LoginView
[2025-05-05 03:19:58.921] ViewLocator: Looking for view IHECLibrary.Views.HomeView for ViewModel IHECLibrary.ViewModels.HomeViewModel
[2025-05-05 03:19:58.921] ViewLocator: Creating instance of IHECLibrary.Views.HomeView
[2025-05-05 03:26:30.987] Application IHEC Library démarrée
[2025-05-05 03:26:31.440] Creating MainWindow
[2025-05-05 03:26:31.595] Setting up navigation service
[2025-05-05 03:26:31.627] Application started successfully
[2025-05-05 03:26:31.715] ViewLocator: Looking for view IHECLibrary.Views.LoginView for ViewModel IHECLibrary.ViewModels.LoginViewModel
[2025-05-05 03:26:31.716] ViewLocator: Creating instance of IHECLibrary.Views.LoginView
[2025-05-05 03:27:03.236] ViewLocator: Looking for view IHECLibrary.Views.HomeView for ViewModel IHECLibrary.ViewModels.HomeViewModel
[2025-05-05 03:27:03.236] ViewLocator: Creating instance of IHECLibrary.Views.HomeView
[2025-05-05 03:36:01.075] Application IHEC Library démarrée
[2025-05-05 03:36:01.504] Creating MainWindow
[2025-05-05 03:36:01.654] Setting up navigation service
[2025-05-05 03:36:01.686] Application started successfully
[2025-05-05 03:36:01.779] ViewLocator: Looking for view IHECLibrary.Views.LoginView for ViewModel IHECLibrary.ViewModels.LoginViewModel
[2025-05-05 03:36:01.780] ViewLocator: Creating instance of IHECLibrary.Views.LoginView
[2025-05-05 03:36:21.482] ViewLocator: Looking for view IHECLibrary.Views.HomeView for ViewModel IHECLibrary.ViewModels.HomeViewModel
[2025-05-05 03:36:21.484] ViewLocator: Creating instance of IHECLibrary.Views.HomeView
[2025-05-05 03:41:24.693] Application IHEC Library démarrée
[2025-05-05 03:41:25.147] Creating MainWindow
[2025-05-05 03:41:25.308] Setting up navigation service
[2025-05-05 03:41:25.339] Application started successfully
[2025-05-05 03:41:25.426] ViewLocator: Looking for view IHECLibrary.Views.LoginView for ViewModel IHECLibrary.ViewModels.LoginViewModel
[2025-05-05 03:41:25.427] ViewLocator: Creating instance of IHECLibrary.Views.LoginView
[2025-05-05 03:41:47.119] ViewLocator: Looking for view IHECLibrary.Views.HomeView for ViewModel IHECLibrary.ViewModels.HomeViewModel
[2025-05-05 03:41:47.120] ViewLocator: Creating instance of IHECLibrary.Views.HomeView
[2025-05-05 03:42:07.747] ViewLocator: Looking for view IHECLibrary.Views.LibraryView for ViewModel IHECLibrary.ViewModels.LibraryViewModel
[2025-05-05 03:42:07.748] ViewLocator: Creating instance of IHECLibrary.Views.LibraryView
[2025-05-05 03:42:14.733] ViewLocator: Looking for view IHECLibrary.Views.HomeView for ViewModel IHECLibrary.ViewModels.HomeViewModel
[2025-05-05 03:42:14.734] ViewLocator: Creating instance of IHECLibrary.Views.HomeView
[2025-05-05 03:42:28.680] ViewLocator: Looking for view IHECLibrary.Views.ProfileView for ViewModel IHECLibrary.ViewModels.ProfileViewModel
[2025-05-05 03:42:28.681] ViewLocator: Creating instance of IHECLibrary.Views.ProfileView
[2025-05-05 03:42:32.825] ViewLocator: Looking for view IHECLibrary.Views.LibraryView for ViewModel IHECLibrary.ViewModels.LibraryViewModel
[2025-05-05 03:42:32.826] ViewLocator: Creating instance of IHECLibrary.Views.LibraryView
[2025-05-05 03:42:34.338] ViewLocator: Looking for view IHECLibrary.Views.ProfileView for ViewModel IHECLibrary.ViewModels.ProfileViewModel
[2025-05-05 03:42:34.338] ViewLocator: Creating instance of IHECLibrary.Views.ProfileView
[2025-05-05 03:43:07.868] ViewLocator: Looking for view IHECLibrary.Views.LibraryView for ViewModel IHECLibrary.ViewModels.LibraryViewModel
[2025-05-05 03:43:07.869] ViewLocator: Creating instance of IHECLibrary.Views.LibraryView
[2025-05-05 03:43:37.246] ViewLocator: Looking for view IHECLibrary.Views.HomeView for ViewModel IHECLibrary.ViewModels.HomeViewModel
[2025-05-05 03:43:37.247] ViewLocator: Creating instance of IHECLibrary.Views.HomeView
[2025-05-05 03:43:42.224] ViewLocator: Looking for view IHECLibrary.Views.ChatbotView for ViewModel IHECLibrary.ViewModels.ChatbotViewModel
[2025-05-05 03:43:42.225] ViewLocator: Creating instance of IHECLibrary.Views.ChatbotView
[2025-05-05 03:43:43.939] ViewLocator: Looking for view IHECLibrary.Views.HomeView for ViewModel IHECLibrary.ViewModels.HomeViewModel
[2025-05-05 03:43:43.940] ViewLocator: Creating instance of IHECLibrary.Views.HomeView
[2025-05-05 03:48:15.336] Application IHEC Library démarrée
[2025-05-05 03:48:15.802] Creating MainWindow
[2025-05-05 03:48:15.960] Setting up navigation service
[2025-05-05 03:48:15.991] Application started successfully
[2025-05-05 03:48:16.079] ViewLocator: Looking for view IHECLibrary.Views.LoginView for ViewModel IHECLibrary.ViewModels.LoginViewModel
[2025-05-05 03:48:16.080] ViewLocator: Creating instance of IHECLibrary.Views.LoginView
[2025-05-05 03:48:33.120] ViewLocator: Looking for view IHECLibrary.Views.HomeView for ViewModel IHECLibrary.ViewModels.HomeViewModel
[2025-05-05 03:48:33.121] ViewLocator: Creating instance of IHECLibrary.Views.HomeView
[2025-05-05 03:48:36.405] ViewLocator: Looking for view IHECLibrary.Views.ProfileView for ViewModel IHECLibrary.ViewModels.ProfileViewModel
[2025-05-05 03:48:36.406] ViewLocator: Creating instance of IHECLibrary.Views.ProfileView
[2025-05-05 03:52:33.012] Application IHEC Library démarrée
[2025-05-05 03:52:33.467] Creating MainWindow
[2025-05-05 03:52:33.623] Setting up navigation service
[2025-05-05 03:52:33.662] Application started successfully
[2025-05-05 03:52:33.750] ViewLocator: Looking for view IHECLibrary.Views.LoginView for ViewModel IHECLibrary.ViewModels.LoginViewModel
[2025-05-05 03:52:33.751] ViewLocator: Creating instance of IHECLibrary.Views.LoginView
[2025-05-05 03:53:08.743] ViewLocator: Looking for view IHECLibrary.Views.HomeView for ViewModel IHECLibrary.ViewModels.HomeViewModel
[2025-05-05 03:53:08.744] ViewLocator: Creating instance of IHECLibrary.Views.HomeView
[2025-05-05 03:53:11.804] ViewLocator: Looking for view IHECLibrary.Views.ProfileView for ViewModel IHECLibrary.ViewModels.ProfileViewModel
[2025-05-05 03:53:11.804] ViewLocator: Creating instance of IHECLibrary.Views.ProfileView
[2025-05-05 03:58:33.625] ViewLocator: Looking for view IHECLibrary.Views.LibraryView for ViewModel IHECLibrary.ViewModels.LibraryViewModel
[2025-05-05 03:58:33.626] ViewLocator: Creating instance of IHECLibrary.Views.LibraryView
[2025-05-05 03:58:34.755] ViewLocator: Looking for view IHECLibrary.Views.HomeView for ViewModel IHECLibrary.ViewModels.HomeViewModel
[2025-05-05 03:58:34.756] ViewLocator: Creating instance of IHECLibrary.Views.HomeView
[2025-05-05 03:58:36.173] ViewLocator: Looking for view IHECLibrary.Views.LibraryView for ViewModel IHECLibrary.ViewModels.LibraryViewModel
[2025-05-05 03:58:36.174] ViewLocator: Creating instance of IHECLibrary.Views.LibraryView
[2025-05-05 03:58:40.522] ViewLocator: Looking for view IHECLibrary.Views.HomeView for ViewModel IHECLibrary.ViewModels.HomeViewModel
[2025-05-05 03:58:40.523] ViewLocator: Creating instance of IHECLibrary.Views.HomeView
[2025-05-05 03:58:43.922] ViewLocator: Looking for view IHECLibrary.Views.LibraryView for ViewModel IHECLibrary.ViewModels.LibraryViewModel
[2025-05-05 03:58:43.923] ViewLocator: Creating instance of IHECLibrary.Views.LibraryView
[2025-05-05 03:59:58.111] ViewLocator: Looking for view IHECLibrary.Views.HomeView for ViewModel IHECLibrary.ViewModels.HomeViewModel
[2025-05-05 03:59:58.112] ViewLocator: Creating instance of IHECLibrary.Views.HomeView
[2025-05-05 03:59:59.135] ViewLocator: Looking for view IHECLibrary.Views.LibraryView for ViewModel IHECLibrary.ViewModels.LibraryViewModel
[2025-05-05 03:59:59.136] ViewLocator: Creating instance of IHECLibrary.Views.LibraryView
[2025-05-05 03:59:59.976] ViewLocator: Looking for view IHECLibrary.Views.HomeView for ViewModel IHECLibrary.ViewModels.HomeViewModel
[2025-05-05 03:59:59.977] ViewLocator: Creating instance of IHECLibrary.Views.HomeView
[2025-05-05 04:04:11.046] Application IHEC Library démarrée
[2025-05-05 04:04:11.571] Creating MainWindow
[2025-05-05 04:04:11.722] Setting up navigation service
[2025-05-05 04:04:11.755] Application started successfully
[2025-05-05 04:04:11.856] ViewLocator: Looking for view IHECLibrary.Views.LoginView for ViewModel IHECLibrary.ViewModels.LoginViewModel
[2025-05-05 04:04:11.857] ViewLocator: Creating instance of IHECLibrary.Views.LoginView
[2025-05-05 04:04:33.655] ViewLocator: Looking for view IHECLibrary.Views.HomeView for ViewModel IHECLibrary.ViewModels.HomeViewModel
[2025-05-05 04:04:33.655] ViewLocator: Creating instance of IHECLibrary.Views.HomeView
[2025-05-05 04:04:37.555] ViewLocator: Looking for view IHECLibrary.Views.LibraryView for ViewModel IHECLibrary.ViewModels.LibraryViewModel
[2025-05-05 04:04:37.556] ViewLocator: Creating instance of IHECLibrary.Views.LibraryView
[2025-05-05 04:04:38.977] ViewLocator: Looking for view IHECLibrary.Views.ProfileView for ViewModel IHECLibrary.ViewModels.ProfileViewModel
[2025-05-05 04:04:38.978] ViewLocator: Creating instance of IHECLibrary.Views.ProfileView
[2025-05-05 04:04:45.750] ViewLocator: Looking for view IHECLibrary.Views.LibraryView for ViewModel IHECLibrary.ViewModels.LibraryViewModel
[2025-05-05 04:04:45.751] ViewLocator: Creating instance of IHECLibrary.Views.LibraryView
[2025-05-05 04:04:47.330] ViewLocator: Looking for view IHECLibrary.Views.HomeView for ViewModel IHECLibrary.ViewModels.HomeViewModel
[2025-05-05 04:04:47.331] ViewLocator: Creating instance of IHECLibrary.Views.HomeView
[2025-05-05 04:09:38.509] ViewLocator: Looking for view IHECLibrary.Views.ProfileView for ViewModel IHECLibrary.ViewModels.ProfileViewModel
[2025-05-05 04:09:38.510] ViewLocator: Creating instance of IHECLibrary.Views.ProfileView
[2025-05-05 04:09:40.274] ViewLocator: Looking for view IHECLibrary.Views.HomeView for ViewModel IHECLibrary.ViewModels.HomeViewModel
[2025-05-05 04:09:40.275] ViewLocator: Creating instance of IHECLibrary.Views.HomeView
[2025-05-05 04:09:41.770] ViewLocator: Looking for view IHECLibrary.Views.LibraryView for ViewModel IHECLibrary.ViewModels.LibraryViewModel
[2025-05-05 04:09:41.770] ViewLocator: Creating instance of IHECLibrary.Views.LibraryView
[2025-05-05 04:09:42.608] ViewLocator: Looking for view IHECLibrary.Views.ProfileView for ViewModel IHECLibrary.ViewModels.ProfileViewModel
[2025-05-05 04:09:42.609] ViewLocator: Creating instance of IHECLibrary.Views.ProfileView
[2025-05-05 04:10:10.307] ViewLocator: Looking for view IHECLibrary.Views.LibraryView for ViewModel IHECLibrary.ViewModels.LibraryViewModel
[2025-05-05 04:10:10.309] ViewLocator: Creating instance of IHECLibrary.Views.LibraryView
[2025-05-05 04:10:12.640] ViewLocator: Looking for view IHECLibrary.Views.HomeView for ViewModel IHECLibrary.ViewModels.HomeViewModel
[2025-05-05 04:10:12.641] ViewLocator: Creating instance of IHECLibrary.Views.HomeView
[2025-05-05 04:10:14.675] ViewLocator: Looking for view IHECLibrary.Views.ProfileView for ViewModel IHECLibrary.ViewModels.ProfileViewModel
[2025-05-05 04:10:14.675] ViewLocator: Creating instance of IHECLibrary.Views.ProfileView
[2025-05-05 04:10:18.690] ViewLocator: Looking for view IHECLibrary.Views.HomeView for ViewModel IHECLibrary.ViewModels.HomeViewModel
[2025-05-05 04:10:18.691] ViewLocator: Creating instance of IHECLibrary.Views.HomeView
[2025-05-05 04:21:56.037] Application IHEC Library démarrée
[2025-05-05 04:21:56.672] Creating MainWindow
[2025-05-05 04:21:56.881] Setting up navigation service
[2025-05-05 04:21:56.926] Application started successfully
[2025-05-05 04:21:57.058] ViewLocator: Looking for view IHECLibrary.Views.LoginView for ViewModel IHECLibrary.ViewModels.LoginViewModel
[2025-05-05 04:21:57.058] ViewLocator: Creating instance of IHECLibrary.Views.LoginView
[2025-05-05 04:22:22.980] ViewLocator: Looking for view IHECLibrary.Views.HomeView for ViewModel IHECLibrary.ViewModels.HomeViewModel
[2025-05-05 04:22:22.980] ViewLocator: Creating instance of IHECLibrary.Views.HomeView
[2025-05-05 04:22:31.237] ViewLocator: Looking for view IHECLibrary.Views.LibraryView for ViewModel IHECLibrary.ViewModels.LibraryViewModel
[2025-05-05 04:22:31.239] ViewLocator: Creating instance of IHECLibrary.Views.LibraryView
[2025-05-05 04:22:37.500] ViewLocator: Looking for view IHECLibrary.Views.HomeView for ViewModel IHECLibrary.ViewModels.HomeViewModel
[2025-05-05 04:22:37.501] ViewLocator: Creating instance of IHECLibrary.Views.HomeView
[2025-05-05 04:26:06.047] Application IHEC Library démarrée
[2025-05-05 04:26:06.742] Creating MainWindow
[2025-05-05 04:26:06.959] Setting up navigation service
[2025-05-05 04:26:07.001] Application started successfully
[2025-05-05 04:26:07.140] ViewLocator: Looking for view IHECLibrary.Views.LoginView for ViewModel IHECLibrary.ViewModels.LoginViewModel
[2025-05-05 04:26:07.141] ViewLocator: Creating instance of IHECLibrary.Views.LoginView
[2025-05-05 04:26:50.553] ViewLocator: Looking for view IHECLibrary.Views.HomeView for ViewModel IHECLibrary.ViewModels.HomeViewModel
[2025-05-05 04:26:50.554] ViewLocator: Creating instance of IHECLibrary.Views.HomeView
[2025-05-05 04:39:44.674] Application IHEC Library démarrée
[2025-05-05 04:39:45.350] Creating MainWindow
[2025-05-05 04:39:45.566] Setting up navigation service
[2025-05-05 04:39:45.610] Application started successfully
[2025-05-05 04:39:45.747] ViewLocator: Looking for view IHECLibrary.Views.LoginView for ViewModel IHECLibrary.ViewModels.LoginViewModel
[2025-05-05 04:39:45.747] ViewLocator: Creating instance of IHECLibrary.Views.LoginView
[2025-05-05 04:40:06.568] ViewLocator: Looking for view IHECLibrary.Views.HomeView for ViewModel IHECLibrary.ViewModels.HomeViewModel
[2025-05-05 04:40:06.569] ViewLocator: Creating instance of IHECLibrary.Views.HomeView
[2025-05-05 04:46:37.220] Application IHEC Library démarrée
[2025-05-05 04:46:37.963] Creating MainWindow
[2025-05-05 04:46:38.211] Setting up navigation service
[2025-05-05 04:46:38.257] Application started successfully
[2025-05-05 04:46:38.376] ViewLocator: Looking for view IHECLibrary.Views.LoginView for ViewModel IHECLibrary.ViewModels.LoginViewModel
[2025-05-05 04:46:38.377] ViewLocator: Creating instance of IHECLibrary.Views.LoginView
[2025-05-05 04:47:47.504] ViewLocator: Looking for view IHECLibrary.Views.HomeView for ViewModel IHECLibrary.ViewModels.HomeViewModel
[2025-05-05 04:47:47.506] ViewLocator: Creating instance of IHECLibrary.Views.HomeView
[2025-05-05 04:52:55.220] Application IHEC Library démarrée
[2025-05-05 04:52:55.816] Creating MainWindow
[2025-05-05 04:52:56.023] Setting up navigation service
[2025-05-05 04:52:56.063] Application started successfully
[2025-05-05 04:52:56.222] ViewLocator: Looking for view IHECLibrary.Views.LoginView for ViewModel IHECLibrary.ViewModels.LoginViewModel
[2025-05-05 04:52:56.223] ViewLocator: Creating instance of IHECLibrary.Views.LoginView
[2025-05-05 04:53:14.856] ViewLocator: Looking for view IHECLibrary.Views.HomeView for ViewModel IHECLibrary.ViewModels.HomeViewModel
[2025-05-05 04:53:14.858] ViewLocator: Creating instance of IHECLibrary.Views.HomeView
[2025-05-05 04:53:17.181] ViewLocator: Looking for view IHECLibrary.Views.BorrowFormView for ViewModel IHECLibrary.ViewModels.BorrowFormViewModel
[2025-05-05 04:53:17.183] ViewLocator: Creating instance of IHECLibrary.Views.BorrowFormView
[2025-05-05 04:59:24.064] Application IHEC Library démarrée
[2025-05-05 04:59:24.631] Creating MainWindow
[2025-05-05 04:59:24.819] Setting up navigation service
[2025-05-05 04:59:24.857] Application started successfully
[2025-05-05 04:59:24.965] ViewLocator: Looking for view IHECLibrary.Views.LoginView for ViewModel IHECLibrary.ViewModels.LoginViewModel
[2025-05-05 04:59:24.966] ViewLocator: Creating instance of IHECLibrary.Views.LoginView
[2025-05-05 04:59:47.839] ViewLocator: Looking for view IHECLibrary.Views.HomeView for ViewModel IHECLibrary.ViewModels.HomeViewModel
[2025-05-05 04:59:47.840] ViewLocator: Creating instance of IHECLibrary.Views.HomeView
[2025-05-05 04:59:51.143] ViewLocator: Looking for view IHECLibrary.Views.BorrowFormView for ViewModel IHECLibrary.ViewModels.BorrowFormViewModel
[2025-05-05 04:59:51.145] ViewLocator: Creating instance of IHECLibrary.Views.BorrowFormView
[2025-05-05 04:59:59.619] ViewLocator: Looking for view IHECLibrary.Views.HomeView for ViewModel IHECLibrary.ViewModels.HomeViewModel
[2025-05-05 04:59:59.620] ViewLocator: Creating instance of IHECLibrary.Views.HomeView
[2025-05-05 05:00:01.204] ViewLocator: Looking for view IHECLibrary.Views.LibraryView for ViewModel IHECLibrary.ViewModels.LibraryViewModel
[2025-05-05 05:00:01.206] ViewLocator: Creating instance of IHECLibrary.Views.LibraryView
[2025-05-05 05:00:02.169] ViewLocator: Looking for view IHECLibrary.Views.ProfileView for ViewModel IHECLibrary.ViewModels.ProfileViewModel
[2025-05-05 05:00:02.171] ViewLocator: Creating instance of IHECLibrary.Views.ProfileView
[2025-05-05 05:00:03.181] ViewLocator: Looking for view IHECLibrary.Views.HomeView for ViewModel IHECLibrary.ViewModels.HomeViewModel
[2025-05-05 05:00:03.182] ViewLocator: Creating instance of IHECLibrary.Views.HomeView
[2025-05-05 05:00:05.294] ViewLocator: Looking for view IHECLibrary.Views.BorrowFormView for ViewModel IHECLibrary.ViewModels.BorrowFormViewModel
[2025-05-05 05:00:05.294] ViewLocator: Creating instance of IHECLibrary.Views.BorrowFormView
[2025-05-05 05:00:09.760] ViewLocator: Looking for view IHECLibrary.Views.ChatbotView for ViewModel IHECLibrary.ViewModels.ChatbotViewModel
[2025-05-05 05:00:09.761] ViewLocator: Creating instance of IHECLibrary.Views.ChatbotView
[2025-05-05 05:00:11.930] ViewLocator: Looking for view IHECLibrary.Views.HomeView for ViewModel IHECLibrary.ViewModels.HomeViewModel
[2025-05-05 05:00:11.931] ViewLocator: Creating instance of IHECLibrary.Views.HomeView
[2025-05-05 05:00:28.358] ViewLocator: Looking for view IHECLibrary.Views.BorrowFormView for ViewModel IHECLibrary.ViewModels.BorrowFormViewModel
[2025-05-05 05:00:28.360] ViewLocator: Creating instance of IHECLibrary.Views.BorrowFormView
[2025-05-05 05:03:23.964] Application IHEC Library démarrée
[2025-05-05 05:03:24.590] Creating MainWindow
[2025-05-05 05:03:24.824] Setting up navigation service
[2025-05-05 05:03:24.882] Application started successfully
[2025-05-05 05:03:25.005] ViewLocator: Looking for view IHECLibrary.Views.LoginView for ViewModel IHECLibrary.ViewModels.LoginViewModel
[2025-05-05 05:03:25.006] ViewLocator: Creating instance of IHECLibrary.Views.LoginView
[2025-05-05 05:03:52.303] ViewLocator: Looking for view IHECLibrary.Views.HomeView for ViewModel IHECLibrary.ViewModels.HomeViewModel
[2025-05-05 05:03:52.305] ViewLocator: Creating instance of IHECLibrary.Views.HomeView
[2025-05-05 05:03:54.208] ViewLocator: Looking for view IHECLibrary.Views.BorrowFormView for ViewModel IHECLibrary.ViewModels.BorrowFormViewModel
[2025-05-05 05:03:54.209] ViewLocator: Creating instance of IHECLibrary.Views.BorrowFormView
[2025-05-05 05:06:26.790] Application IHEC Library démarrée
[2025-05-05 05:06:27.392] Creating MainWindow
[2025-05-05 05:06:27.611] Setting up navigation service
[2025-05-05 05:06:27.656] Application started successfully
[2025-05-05 05:06:27.822] ViewLocator: Looking for view IHECLibrary.Views.LoginView for ViewModel IHECLibrary.ViewModels.LoginViewModel
[2025-05-05 05:06:27.823] ViewLocator: Creating instance of IHECLibrary.Views.LoginView
[2025-05-05 05:06:49.579] ViewLocator: Looking for view IHECLibrary.Views.HomeView for ViewModel IHECLibrary.ViewModels.HomeViewModel
[2025-05-05 05:06:49.580] ViewLocator: Creating instance of IHECLibrary.Views.HomeView
[2025-05-05 05:06:51.509] ViewLocator: Looking for view IHECLibrary.Views.BorrowFormView for ViewModel IHECLibrary.ViewModels.BorrowFormViewModel
[2025-05-05 05:06:51.511] ViewLocator: Creating instance of IHECLibrary.Views.BorrowFormView
[2025-05-05 05:08:36.779] Application IHEC Library démarrée
[2025-05-05 05:08:37.402] Creating MainWindow
[2025-05-05 05:08:37.617] Setting up navigation service
[2025-05-05 05:08:37.659] Application started successfully
[2025-05-05 05:08:37.768] ViewLocator: Looking for view IHECLibrary.Views.LoginView for ViewModel IHECLibrary.ViewModels.LoginViewModel
[2025-05-05 05:08:37.769] ViewLocator: Creating instance of IHECLibrary.Views.LoginView
[2025-05-05 05:09:33.751] ViewLocator: Looking for view IHECLibrary.Views.HomeView for ViewModel IHECLibrary.ViewModels.HomeViewModel
[2025-05-05 05:09:33.753] ViewLocator: Creating instance of IHECLibrary.Views.HomeView
[2025-05-05 05:09:35.590] ViewLocator: Looking for view IHECLibrary.Views.BorrowFormView for ViewModel IHECLibrary.ViewModels.BorrowFormViewModel
[2025-05-05 05:09:35.591] ViewLocator: Creating instance of IHECLibrary.Views.BorrowFormView
[2025-05-05 05:09:55.568] ViewLocator: Looking for view IHECLibrary.Views.HomeView for ViewModel IHECLibrary.ViewModels.HomeViewModel
[2025-05-05 05:09:55.569] ViewLocator: Creating instance of IHECLibrary.Views.HomeView
[2025-05-05 05:09:56.830] ViewLocator: Looking for view IHECLibrary.Views.LibraryView for ViewModel IHECLibrary.ViewModels.LibraryViewModel
[2025-05-05 05:09:56.831] ViewLocator: Creating instance of IHECLibrary.Views.LibraryView
[2025-05-05 05:09:58.133] ViewLocator: Looking for view IHECLibrary.Views.BorrowFormView for ViewModel IHECLibrary.ViewModels.BorrowFormViewModel
[2025-05-05 05:09:58.134] ViewLocator: Creating instance of IHECLibrary.Views.BorrowFormView
[2025-05-05 05:12:19.692] Application IHEC Library démarrée
[2025-05-05 05:12:20.430] Creating MainWindow
[2025-05-05 05:12:20.635] Setting up navigation service
[2025-05-05 05:12:20.678] Application started successfully
[2025-05-05 05:12:20.795] ViewLocator: Looking for view IHECLibrary.Views.LoginView for ViewModel IHECLibrary.ViewModels.LoginViewModel
[2025-05-05 05:12:20.796] ViewLocator: Creating instance of IHECLibrary.Views.LoginView
[2025-05-05 05:12:36.111] ViewLocator: Looking for view IHECLibrary.Views.HomeView for ViewModel IHECLibrary.ViewModels.HomeViewModel
[2025-05-05 05:12:36.112] ViewLocator: Creating instance of IHECLibrary.Views.HomeView
[2025-05-05 05:12:37.943] ViewLocator: Looking for view IHECLibrary.Views.BorrowFormView for ViewModel IHECLibrary.ViewModels.BorrowFormViewModel
[2025-05-05 05:12:37.945] ViewLocator: Creating instance of IHECLibrary.Views.BorrowFormView
[2025-05-05 05:12:43.147] ViewLocator: Looking for view IHECLibrary.Views.LibraryView for ViewModel IHECLibrary.ViewModels.LibraryViewModel
[2025-05-05 05:12:43.148] ViewLocator: Creating instance of IHECLibrary.Views.LibraryView
[2025-05-05 05:12:46.535] ViewLocator: Looking for view IHECLibrary.Views.HomeView for ViewModel IHECLibrary.ViewModels.HomeViewModel
[2025-05-05 05:12:46.537] ViewLocator: Creating instance of IHECLibrary.Views.HomeView
[2025-05-05 05:12:48.156] ViewLocator: Looking for view IHECLibrary.Views.BorrowFormView for ViewModel IHECLibrary.ViewModels.BorrowFormViewModel
[2025-05-05 05:12:48.157] ViewLocator: Creating instance of IHECLibrary.Views.BorrowFormView
[2025-05-05 05:12:52.191] ViewLocator: Looking for view IHECLibrary.Views.LibraryView for ViewModel IHECLibrary.ViewModels.LibraryViewModel
[2025-05-05 05:12:52.192] ViewLocator: Creating instance of IHECLibrary.Views.LibraryView
[2025-05-05 05:12:55.876] ViewLocator: Looking for view IHECLibrary.Views.HomeView for ViewModel IHECLibrary.ViewModels.HomeViewModel
[2025-05-05 05:12:55.877] ViewLocator: Creating instance of IHECLibrary.Views.HomeView
[2025-05-05 05:12:59.227] ViewLocator: Looking for view IHECLibrary.Views.BorrowFormView for ViewModel IHECLibrary.ViewModels.BorrowFormViewModel
[2025-05-05 05:12:59.228] ViewLocator: Creating instance of IHECLibrary.Views.BorrowFormView
